mincriterion,Accuracy_train,Kappa_train,AccuracySD_train,KappaSD_train,Accuracy_test,AccuracyPValue_test,Kappa_test,PC,date,alt,k,repetitions
0.05,0.368744755,0.209547779,0.125218401,0.158318934,NA,NA,NA,0,03/02/2022,15-30m,10,10
0.05,0.360772228,0.200750319,0.121911561,0.152161959,NA,NA,NA,3,03/02/2022,15-30m,10,10
0.05,0.480535714,0.345390006,0.163309518,0.199981317,NA,NA,NA,0,03/02/2022,30m,10,10
0.05,0.341527778,0.176092414,0.152865008,0.188033829,NA,NA,NA,4,03/02/2022,30m,10,10
0.05,0.539571429,0.4224006,0.16596017,0.205895679,NA,NA,NA,0,03/02/2022,15m,10,10
0.05,0.51577381,0.393416207,0.159374538,0.199538052,NA,NA,NA,3,03/02/2022,15m,10,10
0.05,0.461154762,0.331599823,0.160189062,0.194844512,NA,NA,NA,0,03/05/2022,50m,10,10
0.05,0.285511905,0.110655683,0.114567586,0.139224274,NA,NA,NA,3,03/05/2022,50m,10,10
0.05,0.334761738,0.16688114,0.106144991,0.132812779,NA,NA,NA,0,19/01/2022,15-30m,10,10
0.05,0.307867466,0.134424272,0.118961112,0.148471179,NA,NA,NA,4,19/01/2022,15-30m,10,10
0.05,0.366218254,0.208228446,0.163681753,0.19837473,NA,NA,NA,0,19/01/2022,30m,10,10
0.05,0.381833333,0.223973179,0.160190131,0.200976099,NA,NA,NA,4,19/01/2022,30m,10,10
0.05,0.319095238,0.148652049,0.123338371,0.151173544,NA,NA,NA,0,19/01/2022,15m,10,10
0.05,0.430428571,0.28656935,0.184017352,0.228444718,NA,NA,NA,4,19/01/2022,15m,10,10
0.05,0.711618715,0.639273702,0.101780438,0.126071216,NA,NA,NA,0,09/03/2022,15-30m,10,10
0.05,0.673077256,0.589246079,0.113238144,0.142144071,NA,NA,NA,3,09/03/2022,15-30m,10,10
0.05,0.710392857,0.634645629,0.157404898,0.196323624,NA,NA,NA,0,09/03/2022,15m,10,10
0.05,0.74109127,0.672136366,0.153106398,0.193988239,NA,NA,NA,2,09/03/2022,15m,10,10
0.05,0.741730159,0.672985795,0.158988734,0.19930969,NA,NA,NA,0,09/03/2022,30m,10,10
0.05,0.767793651,0.707696407,0.171415105,0.21357098,NA,NA,NA,2,09/03/2022,30m,10,10
0.05,0.285884921,0.117467379,0.106407121,0.126823132,NA,NA,NA,0,02/06/2022,50m,10,10
0.05,0.139011905,-0.059741814,0.120679158,0.146450947,NA,NA,NA,2,02/06/2022,50m,10,10
0.05,0.783190476,0.727269992,0.156149135,0.192473352,NA,NA,NA,0,22/03/2022,50m,10,10
0.05,0.846686508,0.805389442,0.120775189,0.152698037,NA,NA,NA,2,22/03/2022,50m,10,10
0.05,0.665440476,0.581492067,0.128823535,0.158357711,NA,NA,NA,0,19/04/2022,50m,10,10
0.05,0.507654762,0.389475396,0.176378004,0.21832178,NA,NA,NA,3,19/04/2022,50m,10,10
0.05,0.732507937,0.662353938,0.115934507,0.143488076,NA,NA,NA,0,05/04/2022,50m,10,10
0.05,0.693380952,0.613374698,0.154311451,0.192105412,NA,NA,NA,4,05/04/2022,50m,10,10
0.05,0.221526144,0.027458536,0.091963529,0.114538661,NA,NA,NA,0,26/05/2022,15-30-50m,10,10
0.05,0.278303191,0.098535783,0.10235503,0.127244216,NA,NA,NA,3,26/05/2022,15-30-50m,10,10
0.05,0.321083333,0.15440337,0.164200672,0.194239089,NA,NA,NA,0,26/05/2022,50m,10,10
0.05,0.188464286,-0.000780354,0.136156665,0.167684833,NA,NA,NA,3,26/05/2022,50m,10,10
0.05,0.184301587,0.004844184,0.097777612,0.118648815,NA,NA,NA,0,26/05/2022,15m,10,10
0.05,0.200666667,0.0074899,0.130411046,0.160902347,NA,NA,NA,3,26/05/2022,15m,10,10
0.05,0.245869048,0.06219417,0.164245927,0.200264031,NA,NA,NA,0,26/05/2022,30m,10,10
0.05,0.264059524,0.094245842,0.117350175,0.143703734,NA,NA,NA,3,26/05/2022,30m,10,10
0.05,0.533146853,0.41644589,0.136790016,0.16904135,NA,NA,NA,0,14/02/2022,15-30m,10,10
0.05,0.444948884,0.305596331,0.114540454,0.142867929,NA,NA,NA,3,14/02/2022,15-30m,10,10
0.05,0.702380952,0.625178923,0.161975217,0.202220111,NA,NA,NA,0,14/02/2022,15m,10,10
0.05,0.553178571,0.436437023,0.145340573,0.179425306,NA,NA,NA,3,14/02/2022,15m,10,10
0.05,0.501321429,0.372723847,0.174399059,0.219028068,NA,NA,NA,0,14/02/2022,30m,10,10
0.05,0.384095238,0.231658005,0.17408954,0.209932789,NA,NA,NA,3,14/02/2022,30m,10,10
0.05,0.376861472,0.221688914,0.133686413,0.164545839,NA,NA,NA,0,03/02/2022,15-30m,10,10
0.05,0.361417416,0.203380784,0.123306992,0.15189529,NA,NA,NA,3,03/02/2022,15-30m,10,10
0.05,0.482388889,0.354609455,0.141862494,0.172448631,NA,NA,NA,0,03/02/2022,30m,10,10
0.05,0.32440873,0.152147777,0.170037439,0.207004846,NA,NA,NA,4,03/02/2022,30m,10,10
0.05,0.541333333,0.423844603,0.164078813,0.204649295,NA,NA,NA,0,03/02/2022,15m,10,10
0.05,0.534301587,0.415535835,0.141862063,0.175084369,NA,NA,NA,3,03/02/2022,15m,10,10
0.05,0.472119048,0.340483584,0.175981554,0.216973173,NA,NA,NA,0,03/05/2022,50m,10,10
0.05,0.280980159,0.104277519,0.135753698,0.162625254,NA,NA,NA,3,03/05/2022,50m,10,10
0.05,0.324256077,0.155622417,0.125000456,0.15202169,NA,NA,NA,0,19/01/2022,15-30m,10,10
0.05,0.320301532,0.150641412,0.116732636,0.144308153,NA,NA,NA,4,19/01/2022,15-30m,10,10
0.05,0.36725,0.206847828,0.161273855,0.19933446,NA,NA,NA,0,19/01/2022,30m,10,10
0.05,0.379488095,0.22444503,0.164226437,0.202920293,NA,NA,NA,4,19/01/2022,30m,10,10
0.05,0.30422619,0.136743986,0.143963506,0.177857341,NA,NA,NA,0,19/01/2022,15m,10,10
0.05,0.44552381,0.306278234,0.192213258,0.235723389,NA,NA,NA,4,19/01/2022,15m,10,10
0.05,0.68951049,0.610708035,0.108446129,0.13561156,NA,NA,NA,0,09/03/2022,15-30m,10,10
0.05,0.680896936,0.598852592,0.136103644,0.171308033,NA,NA,NA,3,09/03/2022,15-30m,10,10
0.05,0.735321429,0.665347963,0.173514335,0.217614684,NA,NA,NA,0,09/03/2022,15m,10,10
0.05,0.713059524,0.639358684,0.159856972,0.199028959,NA,NA,NA,2,09/03/2022,15m,10,10
0.05,0.731547619,0.662391606,0.164026056,0.204892865,NA,NA,NA,0,09/03/2022,30m,10,10
0.05,0.751460317,0.687582208,0.159669149,0.198602756,NA,NA,NA,2,09/03/2022,30m,10,10
0.05,0.292380952,0.124516939,0.120187067,0.137312913,NA,NA,NA,0,02/06/2022,50m,10,10
0.05,0.138107143,-0.068714997,0.112697332,0.135073258,NA,NA,NA,2,02/06/2022,50m,10,10
0.05,0.757452381,0.691752852,0.17465151,0.219790208,NA,NA,NA,0,22/03/2022,50m,10,10
0.05,0.845940476,0.805078812,0.132339076,0.166245782,NA,NA,NA,2,22/03/2022,50m,10,10
0.05,0.658789683,0.574561506,0.127415173,0.155967727,NA,NA,NA,0,19/04/2022,50m,10,10
0.05,0.50852381,0.385086965,0.174120391,0.218609346,NA,NA,NA,3,19/04/2022,50m,10,10
0.05,0.714416667,0.639789679,0.130411878,0.161487016,NA,NA,NA,0,05/04/2022,50m,10,10
0.05,0.70356746,0.628574146,0.157122941,0.193730654,NA,NA,NA,4,05/04/2022,50m,10,10
0.05,0.243696035,0.05737367,0.08562594,0.106198907,NA,NA,NA,0,26/05/2022,15-30-50m,10,10
0.05,0.290355349,0.113069567,0.086893985,0.10882023,NA,NA,NA,3,26/05/2022,15-30-50m,10,10
0.05,0.316202381,0.153808277,0.162971553,0.19606869,NA,NA,NA,0,26/05/2022,50m,10,10
0.05,0.203583333,0.012697285,0.147731545,0.180626332,NA,NA,NA,3,26/05/2022,50m,10,10
0.05,0.184238095,0.008251766,0.081384679,0.09705363,NA,NA,NA,0,26/05/2022,15m,10,10
0.05,0.175190476,-0.025800956,0.136889413,0.165750758,NA,NA,NA,3,26/05/2022,15m,10,10
0.05,0.227599206,0.040017361,0.123182718,0.147149907,NA,NA,NA,0,26/05/2022,30m,10,10
0.05,0.261742063,0.097038979,0.118494722,0.143836123,NA,NA,NA,3,26/05/2022,30m,10,10
0.05,0.532473693,0.413911071,0.137451506,0.171608652,NA,NA,NA,0,14/02/2022,15-30m,10,10
0.05,0.457890776,0.322755853,0.129721399,0.161766739,NA,NA,NA,3,14/02/2022,15-30m,10,10
0.05,0.694952381,0.61591143,0.171474337,0.213806879,NA,NA,NA,0,14/02/2022,15m,10,10
0.05,0.538083333,0.422436584,0.155355403,0.190663075,NA,NA,NA,3,14/02/2022,15m,10,10
0.05,0.47284127,0.339527104,0.172963033,0.21284939,NA,NA,NA,0,14/02/2022,30m,10,10
0.05,0.401511905,0.250052745,0.146019674,0.177736097,NA,NA,NA,3,14/02/2022,30m,10,10
0.05,0.366197636,0.207522498,0.115339905,0.139377897,NA,NA,NA,0,03/02/2022,15-30m,10,10
0.05,0.363077589,0.20240423,0.125216968,0.154773656,NA,NA,NA,3,03/02/2022,15-30m,10,10
0.05,0.490892857,0.356891261,0.144355357,0.176106434,NA,NA,NA,0,03/02/2022,30m,10,10
0.05,0.334646825,0.163559354,0.168556351,0.212737859,NA,NA,NA,4,03/02/2022,30m,10,10
0.05,0.556797619,0.443444087,0.161454018,0.198631499,NA,NA,NA,0,03/02/2022,15m,10,10
0.05,0.518011905,0.393725496,0.177026074,0.217896136,NA,NA,NA,3,03/02/2022,15m,10,10
0.05,0.464285714,0.329345585,0.16678138,0.20559588,NA,NA,NA,0,03/05/2022,50m,10,10
0.05,0.288269841,0.113210571,0.1298022,0.157431518,NA,NA,NA,3,03/05/2022,50m,10,10
0.05,0.324473027,0.156805579,0.106134989,0.131444748,NA,NA,NA,0,19/01/2022,15-30m,10,10
0.05,0.324125708,0.15546858,0.118185533,0.148087668,NA,NA,NA,4,19/01/2022,15-30m,10,10
0.05,0.380285714,0.22503321,0.145660753,0.179042604,NA,NA,NA,0,19/01/2022,30m,10,10
0.05,0.366892857,0.208861338,0.165684049,0.202720609,NA,NA,NA,4,19/01/2022,30m,10,10
0.05,0.299722222,0.127283932,0.145649271,0.177246037,NA,NA,NA,0,19/01/2022,15m,10,10
0.05,0.430146825,0.285294457,0.205411402,0.25478048,NA,NA,NA,4,19/01/2022,15m,10,10
0.05,0.687517649,0.60774298,0.108528915,0.136240859,NA,NA,NA,0,09/03/2022,15-30m,10,10
0.05,0.657662504,0.570372798,0.11663285,0.146098576,NA,NA,NA,3,09/03/2022,15-30m,10,10
0.05,0.72772619,0.657222669,0.19556567,0.242140843,NA,NA,NA,0,09/03/2022,15m,10,10
0.05,0.723285714,0.651460288,0.134639947,0.167584748,NA,NA,NA,2,09/03/2022,15m,10,10
0.05,0.749166667,0.682805219,0.133742362,0.167621216,NA,NA,NA,0,09/03/2022,30m,10,10
0.05,0.763130952,0.70019546,0.160140064,0.201127682,NA,NA,NA,2,09/03/2022,30m,10,10
0.05,0.274916667,0.103307029,0.111760657,0.136109502,NA,NA,NA,0,02/06/2022,50m,10,10
0.05,0.137785714,-0.068765541,0.102838923,0.12828994,NA,NA,NA,2,02/06/2022,50m,10,10
0.05,0.775654762,0.716860826,0.137084066,0.173286735,NA,NA,NA,0,22/03/2022,50m,10,10
0.05,0.845880952,0.805327574,0.120060437,0.150605763,NA,NA,NA,2,22/03/2022,50m,10,10
0.05,0.662396825,0.579214817,0.122778287,0.15085226,NA,NA,NA,0,19/04/2022,50m,10,10
0.05,0.514218254,0.396319423,0.183497957,0.222806852,NA,NA,NA,3,19/04/2022,50m,10,10
0.05,0.716734127,0.642906115,0.119533228,0.14801022,NA,NA,NA,0,05/04/2022,50m,10,10
0.05,0.694265873,0.615451753,0.135717208,0.168040064,NA,NA,NA,4,05/04/2022,50m,10,10
0.05,0.218617303,0.024867548,0.091846658,0.112601499,NA,NA,NA,0,26/05/2022,15-30-50m,10,10
0.05,0.279303019,0.100091201,0.104165037,0.129814113,NA,NA,NA,3,26/05/2022,15-30-50m,10,10
0.05,0.334134921,0.174632098,0.168318118,0.205233831,NA,NA,NA,0,26/05/2022,50m,10,10
0.05,0.177654762,-0.020146969,0.136670267,0.167839841,NA,NA,NA,3,26/05/2022,50m,10,10
0.05,0.166821429,-0.017839542,0.09101644,0.111753342,NA,NA,NA,0,26/05/2022,15m,10,10
0.05,0.200238095,0.00627212,0.125814645,0.152623838,NA,NA,NA,3,26/05/2022,15m,10,10
0.05,0.230753968,0.04217606,0.131011454,0.163658466,NA,NA,NA,0,26/05/2022,30m,10,10
0.05,0.259035714,0.091855377,0.113955689,0.141717502,NA,NA,NA,3,26/05/2022,30m,10,10
0.05,0.534808858,0.416566708,0.121509997,0.151009118,NA,NA,NA,0,14/02/2022,15-30m,10,10
0.05,0.44538961,0.304690384,0.122540427,0.152577875,NA,NA,NA,3,14/02/2022,15-30m,10,10
0.05,0.694960317,0.617800764,0.165484005,0.202950444,NA,NA,NA,0,14/02/2022,15m,10,10
0.05,0.555321429,0.443041358,0.151080882,0.184989001,NA,NA,NA,3,14/02/2022,15m,10,10
0.05,0.503511905,0.381219102,0.159862248,0.193750205,NA,NA,NA,0,14/02/2022,30m,10,10
0.05,0.393444444,0.239897135,0.151638546,0.184271394,NA,NA,NA,3,14/02/2022,30m,10,10
0.05,0.352812521,0.190885231,0.113206524,0.143671877,NA,NA,NA,0,03/02/2022,15-30m,10,10
0.05,0.350108392,0.186779637,0.116634375,0.144312875,NA,NA,NA,3,03/02/2022,15-30m,10,10
0.05,0.470214286,0.334308007,0.171790525,0.211081731,NA,NA,NA,0,03/02/2022,30m,10,10
0.05,0.349563492,0.185431881,0.156863224,0.191031019,NA,NA,NA,4,03/02/2022,30m,10,10
0.05,0.549964286,0.43698329,0.151920908,0.18578452,NA,NA,NA,0,03/02/2022,15m,10,10
0.05,0.524496032,0.401965507,0.165357449,0.208025411,NA,NA,NA,3,03/02/2022,15m,10,10
0.05,0.468662698,0.332692106,0.174265505,0.217703873,NA,NA,NA,0,03/05/2022,50m,10,10
0.05,0.277202381,0.103644437,0.134616559,0.165801184,NA,NA,NA,3,03/05/2022,50m,10,10
0.05,0.320219114,0.151757736,0.1308817,0.161917463,NA,NA,NA,0,19/01/2022,15-30m,10,10
0.05,0.325750583,0.156912857,0.129137555,0.161586731,NA,NA,NA,4,19/01/2022,15-30m,10,10
0.05,0.385107143,0.232252691,0.144206936,0.180411963,NA,NA,NA,0,19/01/2022,30m,10,10
0.05,0.367789683,0.206401244,0.161288565,0.198772667,NA,NA,NA,4,19/01/2022,30m,10,10
0.05,0.304904762,0.137968543,0.162330055,0.197728879,NA,NA,NA,0,19/01/2022,15m,10,10
0.05,0.439956349,0.299056269,0.196118228,0.244361272,NA,NA,NA,4,19/01/2022,15m,10,10
0.05,0.69437679,0.615882902,0.125570429,0.157156691,NA,NA,NA,0,09/03/2022,15-30m,10,10
0.05,0.677807026,0.595215605,0.13885256,0.174117077,NA,NA,NA,3,09/03/2022,15-30m,10,10
0.05,0.716714286,0.642427541,0.17865085,0.223704716,NA,NA,NA,0,09/03/2022,15m,10,10
0.05,0.720884921,0.649362284,0.15973772,0.198044027,NA,NA,NA,2,09/03/2022,15m,10,10
0.05,0.744222222,0.676021185,0.144104981,0.181343565,NA,NA,NA,0,09/03/2022,30m,10,10
0.05,0.77552381,0.716104548,0.17007697,0.213255261,NA,NA,NA,2,09/03/2022,30m,10,10
0.05,0.295178571,0.130604606,0.112676102,0.133168351,NA,NA,NA,0,02/06/2022,50m,10,10
0.05,0.161353175,-0.042205081,0.12753806,0.155066699,NA,NA,NA,2,02/06/2022,50m,10,10
0.05,0.785095238,0.728302936,0.160353108,0.200534161,NA,NA,NA,0,22/03/2022,50m,10,10
0.05,0.838361111,0.796435495,0.123097953,0.15404301,NA,NA,NA,2,22/03/2022,50m,10,10
0.05,0.668797619,0.584771679,0.134249913,0.165614996,NA,NA,NA,0,19/04/2022,50m,10,10
0.05,0.535746032,0.42045198,0.178036134,0.219256518,NA,NA,NA,3,19/04/2022,50m,10,10
0.05,0.708583333,0.633139266,0.137739243,0.169958134,NA,NA,NA,0,05/04/2022,50m,10,10
0.05,0.685694444,0.604374035,0.143428961,0.177105119,NA,NA,NA,4,05/04/2022,50m,10,10
0.05,0.237851866,0.047204917,0.085171708,0.103812374,NA,NA,NA,0,26/05/2022,15-30-50m,10,10
0.05,0.283308136,0.103856408,0.092865151,0.116199536,NA,NA,NA,3,26/05/2022,15-30-50m,10,10
0.05,0.310849206,0.147564416,0.168759726,0.20747473,NA,NA,NA,0,26/05/2022,50m,10,10
0.05,0.1925,-0.000940724,0.135755365,0.167786291,NA,NA,NA,3,26/05/2022,50m,10,10
0.05,0.190130952,0.007785755,0.096200538,0.1113676,NA,NA,NA,0,26/05/2022,15m,10,10
0.05,0.201547619,0.002599376,0.136320459,0.164022962,NA,NA,NA,3,26/05/2022,15m,10,10
0.05,0.235623016,0.04861128,0.161987127,0.19762426,NA,NA,NA,0,26/05/2022,30m,10,10
0.05,0.273369048,0.107602928,0.118555338,0.143847561,NA,NA,NA,3,26/05/2022,30m,10,10
0.05,0.539568099,0.424231966,0.126947243,0.155920477,NA,NA,NA,0,14/02/2022,15-30m,10,10
0.05,0.466138195,0.331974402,0.117475074,0.146543488,NA,NA,NA,3,14/02/2022,15-30m,10,10
0.05,0.697170635,0.620997871,0.16230448,0.197506757,NA,NA,NA,0,14/02/2022,15m,10,10
0.05,0.544428571,0.42714834,0.146248416,0.181588518,NA,NA,NA,3,14/02/2022,15m,10,10
0.05,0.518119048,0.390986891,0.149766722,0.186166771,NA,NA,NA,0,14/02/2022,30m,10,10
0.05,0.399761905,0.249015077,0.1209008,0.148898291,NA,NA,NA,3,14/02/2022,30m,10,10
0.05,0.372690976,0.214604879,0.117551463,0.146618071,NA,NA,NA,0,03/02/2022,15-30m,10,10
0.05,0.365115385,0.205275805,0.123462646,0.154329103,NA,NA,NA,3,03/02/2022,15-30m,10,10
0.05,0.468833333,0.333206724,0.148256682,0.180706668,NA,NA,NA,0,03/02/2022,30m,10,10
0.05,0.354380952,0.192139163,0.173393247,0.213207821,NA,NA,NA,4,03/02/2022,30m,10,10
0.05,0.548174603,0.431823395,0.148242321,0.186095192,NA,NA,NA,0,03/02/2022,15m,10,10
0.05,0.51702381,0.393237555,0.177303782,0.220975787,NA,NA,NA,3,03/02/2022,15m,10,10
0.05,0.462825397,0.330044069,0.171367154,0.208806113,NA,NA,NA,0,03/05/2022,50m,10,10
0.05,0.282404762,0.102916813,0.144472051,0.177042806,NA,NA,NA,3,03/05/2022,50m,10,10
0.05,0.325022644,0.157987322,0.116708996,0.144102862,NA,NA,NA,0,19/01/2022,15-30m,10,10
0.05,0.337114885,0.168185395,0.114662113,0.141865952,NA,NA,NA,4,19/01/2022,15-30m,10,10
0.05,0.376956349,0.217407248,0.152442602,0.189302676,NA,NA,NA,0,19/01/2022,30m,10,10
0.05,0.378769841,0.22173635,0.170705616,0.212717038,NA,NA,NA,4,19/01/2022,30m,10,10
0.05,0.286392857,0.112248716,0.115703544,0.140864623,NA,NA,NA,0,19/01/2022,15m,10,10
0.05,0.405202381,0.25589664,0.186466688,0.22738826,NA,NA,NA,4,19/01/2022,15m,10,10
0.05,0.686908591,0.607262916,0.114555745,0.143129672,NA,NA,NA,0,09/03/2022,15-30m,10,10
0.05,0.675255911,0.592048848,0.116551395,0.146067544,NA,NA,NA,3,09/03/2022,15-30m,10,10
0.05,0.732869048,0.659981742,0.16358318,0.206740075,NA,NA,NA,0,09/03/2022,15m,10,10
0.05,0.726119048,0.655512841,0.151910482,0.188845518,NA,NA,NA,2,09/03/2022,15m,10,10
0.05,0.746119048,0.67926694,0.164638646,0.20553958,NA,NA,NA,0,09/03/2022,30m,10,10
0.05,0.764293651,0.702551953,0.142290096,0.178186287,NA,NA,NA,2,09/03/2022,30m,10,10
0.05,0.306464286,0.136667253,0.103882472,0.125872908,NA,NA,NA,0,02/06/2022,50m,10,10
0.05,0.158309524,-0.04809389,0.119133685,0.144871649,NA,NA,NA,2,02/06/2022,50m,10,10
0.05,0.779650794,0.723124007,0.167751866,0.207826183,NA,NA,NA,0,22/03/2022,50m,10,10
0.05,0.848619048,0.807876232,0.133306996,0.167950472,NA,NA,NA,2,22/03/2022,50m,10,10
0.05,0.664265873,0.581286674,0.124863322,0.154007844,NA,NA,NA,0,19/04/2022,50m,10,10
0.05,0.481519841,0.352100167,0.18082795,0.225784616,NA,NA,NA,3,19/04/2022,50m,10,10
0.05,0.704503968,0.628894064,0.133217009,0.163247958,NA,NA,NA,0,05/04/2022,50m,10,10
0.05,0.696261905,0.616404884,0.156812644,0.195869854,NA,NA,NA,4,05/04/2022,50m,10,10
0.05,0.2390258,0.050265208,0.084140494,0.10233148,NA,NA,NA,0,26/05/2022,15-30-50m,10,10
0.05,0.280615497,0.10299475,0.098994536,0.123349363,NA,NA,NA,3,26/05/2022,15-30-50m,10,10
0.05,0.318575397,0.159467365,0.167582961,0.202981687,NA,NA,NA,0,26/05/2022,50m,10,10
0.05,0.182837302,-0.007360519,0.119588363,0.148314825,NA,NA,NA,3,26/05/2022,50m,10,10
0.05,0.187107143,0.010056795,0.109974871,0.129235648,NA,NA,NA,0,26/05/2022,15m,10,10
0.05,0.193837302,-0.003311378,0.14145791,0.174326209,NA,NA,NA,3,26/05/2022,15m,10,10
0.05,0.238349206,0.053067986,0.142164622,0.173419519,NA,NA,NA,0,26/05/2022,30m,10,10
0.05,0.262071429,0.096807489,0.125561569,0.150673364,NA,NA,NA,3,26/05/2022,30m,10,10
0.05,0.53903047,0.422737206,0.109391005,0.135452129,NA,NA,NA,0,14/02/2022,15-30m,10,10
0.05,0.457509824,0.319967195,0.125891058,0.156169,NA,NA,NA,3,14/02/2022,15-30m,10,10
0.05,0.704904762,0.628547401,0.163964322,0.202491945,NA,NA,NA,0,14/02/2022,15m,10,10
0.05,0.551202381,0.43689572,0.158336045,0.194544757,NA,NA,NA,3,14/02/2022,15m,10,10
0.05,0.500424603,0.372960027,0.156324109,0.189170319,NA,NA,NA,0,14/02/2022,30m,10,10
0.05,0.402952381,0.252521602,0.165233376,0.208569565,NA,NA,NA,3,14/02/2022,30m,10,10
0.05,0.354074759,0.192820926,0.126094213,0.156341194,NA,NA,NA,0,03/02/2022,15-30m,10,10
0.05,0.362534632,0.202204696,0.114822171,0.145177879,NA,NA,NA,3,03/02/2022,15-30m,10,10
0.05,0.47902381,0.346483592,0.160525184,0.196543837,NA,NA,NA,0,03/02/2022,30m,10,10
0.05,0.329071429,0.16355357,0.144972038,0.179581958,NA,NA,NA,4,03/02/2022,30m,10,10
0.05,0.54072619,0.424858422,0.167487952,0.20494206,NA,NA,NA,0,03/02/2022,15m,10,10
0.05,0.51472619,0.391336235,0.185014643,0.231172867,NA,NA,NA,3,03/02/2022,15m,10,10
0.05,0.465103175,0.329047158,0.182023208,0.225010578,NA,NA,NA,0,03/05/2022,50m,10,10
0.05,0.30465873,0.134154151,0.139231575,0.169996222,NA,NA,NA,3,03/05/2022,50m,10,10
0.05,0.322082251,0.155965519,0.140288951,0.170382457,NA,NA,NA,0,19/01/2022,15-30m,10,10
0.05,0.308793207,0.136565427,0.128855115,0.157549933,NA,NA,NA,4,19/01/2022,15-30m,10,10
0.05,0.379571429,0.223022535,0.155582216,0.18713235,NA,NA,NA,0,19/01/2022,30m,10,10
0.05,0.367202381,0.211806082,0.187913053,0.22940417,NA,NA,NA,4,19/01/2022,30m,10,10
0.05,0.29490873,0.122412365,0.144987907,0.173965419,NA,NA,NA,0,19/01/2022,15m,10,10
0.05,0.42997619,0.283452509,0.190554366,0.237942214,NA,NA,NA,4,19/01/2022,15m,10,10
0.05,0.702712954,0.626388558,0.110890116,0.138354266,NA,NA,NA,0,09/03/2022,15-30m,10,10
0.05,0.659913753,0.573751991,0.11422518,0.143274944,NA,NA,NA,3,09/03/2022,15-30m,10,10
0.05,0.70897619,0.633577882,0.180367465,0.223807624,NA,NA,NA,0,09/03/2022,15m,10,10
0.05,0.712214286,0.637419297,0.160927577,0.20173547,NA,NA,NA,2,09/03/2022,15m,10,10
0.05,0.723253968,0.64936717,0.169868296,0.214149549,NA,NA,NA,0,09/03/2022,30m,10,10
0.05,0.764230159,0.70208134,0.158928458,0.200409341,NA,NA,NA,2,09/03/2022,30m,10,10
0.05,0.273305556,0.102159925,0.123086889,0.143790372,NA,NA,NA,0,02/06/2022,50m,10,10
0.05,0.14672619,-0.06392317,0.121178663,0.15219576,NA,NA,NA,2,02/06/2022,50m,10,10
0.05,0.755940476,0.690220998,0.165801584,0.208727804,NA,NA,NA,0,22/03/2022,50m,10,10
0.05,0.847861111,0.80741699,0.134891264,0.168809194,NA,NA,NA,2,22/03/2022,50m,10,10
0.05,0.655027778,0.571106035,0.132239245,0.160705727,NA,NA,NA,0,19/04/2022,50m,10,10
0.05,0.515464286,0.395820826,0.172029894,0.210267138,NA,NA,NA,3,19/04/2022,50m,10,10
0.05,0.716845238,0.64344612,0.122934779,0.150228262,NA,NA,NA,0,05/04/2022,50m,10,10
0.05,0.69440873,0.613205031,0.143610506,0.178102308,NA,NA,NA,4,05/04/2022,50m,10,10
0.05,0.248203173,0.062974366,0.096496864,0.118155903,NA,NA,NA,0,26/05/2022,15-30-50m,10,10
0.05,0.268807663,0.087419264,0.097714693,0.121588299,NA,NA,NA,3,26/05/2022,15-30-50m,10,10
0.05,0.332952381,0.173011697,0.160955352,0.198452263,NA,NA,NA,0,26/05/2022,50m,10,10
0.05,0.184416667,-0.00522424,0.133321425,0.158158486,NA,NA,NA,3,26/05/2022,50m,10,10
0.05,0.179583333,0.000562703,0.074740895,0.088829685,NA,NA,NA,0,26/05/2022,15m,10,10
0.05,0.211083333,0.023518735,0.129016552,0.156815219,NA,NA,NA,3,26/05/2022,15m,10,10
0.05,0.216797619,0.028877047,0.134321829,0.166693982,NA,NA,NA,0,26/05/2022,30m,10,10
0.05,0.273369048,0.110524853,0.118176303,0.143180392,NA,NA,NA,3,26/05/2022,30m,10,10
0.05,0.556988012,0.444604274,0.143071016,0.178002076,NA,NA,NA,0,14/02/2022,15-30m,10,10
0.05,0.440038129,0.300718818,0.123750121,0.152103899,NA,NA,NA,3,14/02/2022,15-30m,10,10
0.05,0.700420635,0.620539642,0.15233726,0.191206472,NA,NA,NA,0,14/02/2022,15m,10,10
0.05,0.554047619,0.440937355,0.156944319,0.192943568,NA,NA,NA,3,14/02/2022,15m,10,10
0.05,0.509190476,0.384923822,0.160934912,0.198342084,NA,NA,NA,0,14/02/2022,30m,10,10
0.05,0.389488095,0.235579829,0.144363258,0.175374713,NA,NA,NA,3,14/02/2022,30m,10,10
0.05,0.37379687,0.214462236,0.122684723,0.152664219,NA,NA,NA,0,03/02/2022,15-30m,10,10
0.05,0.365780886,0.205453561,0.099970311,0.124444511,NA,NA,NA,3,03/02/2022,15-30m,10,10
0.05,0.473797619,0.339727352,0.158550629,0.195140705,NA,NA,NA,0,03/02/2022,30m,10,10
0.05,0.339035714,0.176456028,0.178352463,0.217599362,NA,NA,NA,4,03/02/2022,30m,10,10
0.05,0.5525,0.439545988,0.158415769,0.196240996,NA,NA,NA,0,03/02/2022,15m,10,10
0.05,0.508150794,0.38223092,0.177308078,0.219383943,NA,NA,NA,3,03/02/2022,15m,10,10
0.05,0.465416667,0.332141639,0.156221644,0.191252821,NA,NA,NA,0,03/05/2022,50m,10,10
0.05,0.271416667,0.086909228,0.134120633,0.163528299,NA,NA,NA,3,03/05/2022,50m,10,10
0.05,0.320943889,0.150665463,0.121704244,0.149458343,NA,NA,NA,0,19/01/2022,15-30m,10,10
0.05,0.314498002,0.145285926,0.126923028,0.156568325,NA,NA,NA,4,19/01/2022,15-30m,10,10
0.05,0.38847619,0.235963632,0.165269853,0.20390231,NA,NA,NA,0,19/01/2022,30m,10,10
0.05,0.381638889,0.222144685,0.157090222,0.196251928,NA,NA,NA,4,19/01/2022,30m,10,10
0.05,0.297142857,0.130282911,0.131611116,0.158094299,NA,NA,NA,0,19/01/2022,15m,10,10
0.05,0.432714286,0.285941026,0.182865438,0.22770457,NA,NA,NA,4,19/01/2022,15m,10,10
0.05,0.699537463,0.622290631,0.110823338,0.139058194,NA,NA,NA,0,09/03/2022,15-30m,10,10
0.05,0.65766034,0.571469586,0.125603241,0.156255321,NA,NA,NA,3,09/03/2022,15-30m,10,10
0.05,0.70525,0.628985421,0.173270618,0.217468571,NA,NA,NA,0,09/03/2022,15m,10,10
0.05,0.732626984,0.665013939,0.166639919,0.205123038,NA,NA,NA,2,09/03/2022,15m,10,10
0.05,0.737035714,0.666660329,0.14342359,0.180304712,NA,NA,NA,0,09/03/2022,30m,10,10
0.05,0.769119048,0.708171017,0.167722112,0.209993328,NA,NA,NA,2,09/03/2022,30m,10,10
0.05,0.276011905,0.109163509,0.116578578,0.141184406,NA,NA,NA,0,02/06/2022,50m,10,10
0.05,0.137079365,-0.070878372,0.13183992,0.156921055,NA,NA,NA,2,02/06/2022,50m,10,10
0.05,0.76265873,0.700664686,0.15170104,0.190318211,NA,NA,NA,0,22/03/2022,50m,10,10
0.05,0.846464286,0.805333746,0.124632405,0.15824431,NA,NA,NA,2,22/03/2022,50m,10,10
0.05,0.663531746,0.579519762,0.127940777,0.156653084,NA,NA,NA,0,19/04/2022,50m,10,10
0.05,0.501738095,0.380774733,0.185564947,0.229273447,NA,NA,NA,3,19/04/2022,50m,10,10
0.05,0.704650794,0.626188929,0.111204796,0.13961841,NA,NA,NA,0,05/04/2022,50m,10,10
0.05,0.700738095,0.621277996,0.155730658,0.192757855,NA,NA,NA,4,05/04/2022,50m,10,10
0.05,0.239148091,0.052433036,0.090684231,0.113220133,NA,NA,NA,0,26/05/2022,15-30-50m,10,10
0.05,0.282438596,0.103023491,0.092682738,0.115172842,NA,NA,NA,3,26/05/2022,15-30-50m,10,10
0.05,0.325452381,0.166878045,0.159634579,0.195121985,NA,NA,NA,0,26/05/2022,50m,10,10
0.05,0.196416667,0.00280455,0.141506613,0.177071607,NA,NA,NA,3,26/05/2022,50m,10,10
0.05,0.188178571,0.010410341,0.099235675,0.113469562,NA,NA,NA,0,26/05/2022,15m,10,10
0.05,0.183837302,-0.013355241,0.129799658,0.15660612,NA,NA,NA,3,26/05/2022,15m,10,10
0.05,0.225674603,0.039605925,0.139236544,0.167636345,NA,NA,NA,0,26/05/2022,30m,10,10
0.05,0.26002381,0.093437912,0.12655062,0.151628489,NA,NA,NA,3,26/05/2022,30m,10,10
0.05,0.533697636,0.416849802,0.125162899,0.15523369,NA,NA,NA,0,14/02/2022,15-30m,10,10
0.05,0.452031968,0.314810308,0.128099002,0.158422604,NA,NA,NA,3,14/02/2022,15-30m,10,10
0.05,0.685238095,0.603132148,0.159657016,0.198541062,NA,NA,NA,0,14/02/2022,15m,10,10
0.05,0.560734127,0.447939694,0.161309968,0.200306092,NA,NA,NA,3,14/02/2022,15m,10,10
0.05,0.48425,0.352436699,0.156960815,0.192219976,NA,NA,NA,0,14/02/2022,30m,10,10
0.05,0.398948413,0.248341666,0.159325247,0.198419219,NA,NA,NA,3,14/02/2022,30m,10,10
0.05,0.35722644,0.197839551,0.108703469,0.13384882,NA,NA,NA,0,03/02/2022,15-30m,10,10
0.05,0.354040626,0.193106204,0.098752471,0.121183136,NA,NA,NA,3,03/02/2022,15-30m,10,10
0.05,0.473456349,0.339794153,0.163932455,0.201218404,NA,NA,NA,0,03/02/2022,30m,10,10
0.05,0.323154762,0.155649384,0.16939551,0.207366774,NA,NA,NA,4,03/02/2022,30m,10,10
0.05,0.562230159,0.452458718,0.17702261,0.217054429,NA,NA,NA,0,03/02/2022,15m,10,10
0.05,0.515261905,0.389577876,0.170678824,0.210703135,NA,NA,NA,3,03/02/2022,15m,10,10
0.05,0.471166667,0.339427577,0.168606146,0.208158159,NA,NA,NA,0,03/05/2022,50m,10,10
0.05,0.30027381,0.129146787,0.137528782,0.172287641,NA,NA,NA,3,03/05/2022,50m,10,10
0.05,0.32865651,0.160713154,0.124289079,0.152347612,NA,NA,NA,0,19/01/2022,15-30m,10,10
0.05,0.307180819,0.136304436,0.134091632,0.165555553,NA,NA,NA,4,19/01/2022,15-30m,10,10
0.05,0.388,0.231178868,0.171798166,0.208598755,NA,NA,NA,0,19/01/2022,30m,10,10
0.05,0.366904762,0.207024418,0.168314111,0.206539606,NA,NA,NA,4,19/01/2022,30m,10,10
0.05,0.294956349,0.125253639,0.141201991,0.172964968,NA,NA,NA,0,19/01/2022,15m,10,10
0.05,0.434095238,0.289834469,0.194981994,0.241028758,NA,NA,NA,4,19/01/2022,15m,10,10
0.05,0.698807193,0.62055117,0.108507786,0.136946518,NA,NA,NA,0,09/03/2022,15-30m,10,10
0.05,0.678715118,0.59717439,0.116192046,0.14538633,NA,NA,NA,3,09/03/2022,15-30m,10,10
0.05,0.737464286,0.666879412,0.153654924,0.192436517,NA,NA,NA,0,09/03/2022,15m,10,10
0.05,0.734059524,0.664234299,0.176865905,0.220933794,NA,NA,NA,2,09/03/2022,15m,10,10
0.05,0.740416667,0.671750039,0.152873593,0.192472068,NA,NA,NA,0,09/03/2022,30m,10,10
0.05,0.754186508,0.690895333,0.159374558,0.198285621,NA,NA,NA,2,09/03/2022,30m,10,10
0.05,0.311154762,0.146415257,0.111102835,0.126377546,NA,NA,NA,0,02/06/2022,50m,10,10
0.05,0.160051587,-0.039704843,0.12589274,0.152319437,NA,NA,NA,2,02/06/2022,50m,10,10
0.05,0.764380952,0.701128736,0.174989871,0.220357296,NA,NA,NA,0,22/03/2022,50m,10,10
0.05,0.849702381,0.80992782,0.123654764,0.154948438,NA,NA,NA,2,22/03/2022,50m,10,10
0.05,0.663488095,0.579862216,0.135569703,0.165308171,NA,NA,NA,0,19/04/2022,50m,10,10
0.05,0.50022619,0.382890507,0.19296576,0.231744838,NA,NA,NA,3,19/04/2022,50m,10,10
0.05,0.71747619,0.644082164,0.126873247,0.154951474,NA,NA,NA,0,05/04/2022,50m,10,10
0.05,0.701535714,0.625156773,0.144427228,0.177934395,NA,NA,NA,4,05/04/2022,50m,10,10
0.05,0.227989938,0.035326057,0.090452487,0.112992773,NA,NA,NA,0,26/05/2022,15-30-50m,10,10
0.05,0.275413958,0.095254964,0.104511159,0.128270639,NA,NA,NA,3,26/05/2022,15-30-50m,10,10
0.05,0.313297619,0.150234203,0.168623931,0.200424272,NA,NA,NA,0,26/05/2022,50m,10,10
0.05,0.207380952,0.017942544,0.140120493,0.170738913,NA,NA,NA,3,26/05/2022,50m,10,10
0.05,0.184738095,0.004303163,0.094961292,0.114993768,NA,NA,NA,0,26/05/2022,15m,10,10
0.05,0.197916667,-0.000837039,0.124475971,0.145645276,NA,NA,NA,3,26/05/2022,15m,10,10
0.05,0.253547619,0.066807084,0.137102298,0.17014746,NA,NA,NA,0,26/05/2022,30m,10,10
0.05,0.250059524,0.079070095,0.1282696,0.156921137,NA,NA,NA,3,26/05/2022,30m,10,10
0.05,0.544314519,0.430096039,0.1258666,0.155265733,NA,NA,NA,0,14/02/2022,15-30m,10,10
0.05,0.455784049,0.318895579,0.129855702,0.161504294,NA,NA,NA,3,14/02/2022,15-30m,10,10
0.05,0.689285714,0.610947996,0.162651332,0.200582202,NA,NA,NA,0,14/02/2022,15m,10,10
0.05,0.551452381,0.43782954,0.168994733,0.208752599,NA,NA,NA,3,14/02/2022,15m,10,10
0.05,0.505702381,0.381605915,0.153305417,0.184279953,NA,NA,NA,0,14/02/2022,30m,10,10
0.05,0.401547619,0.252045256,0.152988273,0.186724964,NA,NA,NA,3,14/02/2022,30m,10,10
0.05,0.365274725,0.209534954,0.122143742,0.149024708,NA,NA,NA,0,03/02/2022,15-30m,10,10
0.05,0.367423243,0.208242717,0.135096649,0.167867053,NA,NA,NA,3,03/02/2022,15-30m,10,10
0.05,0.463654762,0.326633135,0.174048826,0.214123651,NA,NA,NA,0,03/02/2022,30m,10,10
0.05,0.344547619,0.182727777,0.161727135,0.19897183,NA,NA,NA,4,03/02/2022,30m,10,10
0.05,0.545015873,0.426584665,0.167286732,0.207736477,NA,NA,NA,0,03/02/2022,15m,10,10
0.05,0.528345238,0.407927793,0.162852907,0.201605531,NA,NA,NA,3,03/02/2022,15m,10,10
0.05,0.460551587,0.327027654,0.174613378,0.213781279,NA,NA,NA,0,03/05/2022,50m,10,10
0.05,0.279246032,0.098106597,0.136638663,0.167030927,NA,NA,NA,3,03/05/2022,50m,10,10
0.05,0.327243756,0.159892242,0.122086698,0.150568447,NA,NA,NA,0,19/01/2022,15-30m,10,10
0.05,0.329817849,0.16259962,0.120228624,0.150659748,NA,NA,NA,4,19/01/2022,15-30m,10,10
0.05,0.39340873,0.238338057,0.158269864,0.190840988,NA,NA,NA,0,19/01/2022,30m,10,10
0.05,0.385285714,0.235707682,0.16065531,0.197661353,NA,NA,NA,4,19/01/2022,30m,10,10
0.05,0.314345238,0.143687545,0.134534118,0.165806366,NA,NA,NA,0,19/01/2022,15m,10,10
0.05,0.425142857,0.281046551,0.202217861,0.246387331,NA,NA,NA,4,19/01/2022,15m,10,10
0.05,0.682970862,0.603134934,0.120048468,0.148737955,NA,NA,NA,0,09/03/2022,15-30m,10,10
0.05,0.675260739,0.592294413,0.128730935,0.161816524,NA,NA,NA,3,09/03/2022,15-30m,10,10
0.05,0.724619048,0.652142611,0.186406199,0.235900289,NA,NA,NA,0,09/03/2022,15m,10,10
0.05,0.726007937,0.653796254,0.170282676,0.215282222,NA,NA,NA,2,09/03/2022,15m,10,10
0.05,0.748309524,0.682224385,0.161499044,0.202056701,NA,NA,NA,0,09/03/2022,30m,10,10
0.05,0.76575,0.703497839,0.162885618,0.205193323,NA,NA,NA,2,09/03/2022,30m,10,10
0.05,0.290880952,0.121481941,0.120284129,0.150123139,NA,NA,NA,0,02/06/2022,50m,10,10
0.05,0.15709127,-0.045542634,0.125394386,0.155381683,NA,NA,NA,2,02/06/2022,50m,10,10
0.05,0.765043651,0.703759362,0.157124344,0.198140178,NA,NA,NA,0,22/03/2022,50m,10,10
0.05,0.842702381,0.800857516,0.128610577,0.162618789,NA,NA,NA,2,22/03/2022,50m,10,10
0.05,0.654599206,0.569659169,0.121716295,0.148777542,NA,NA,NA,0,19/04/2022,50m,10,10
0.05,0.508738095,0.385895144,0.162149782,0.200268114,NA,NA,NA,3,19/04/2022,50m,10,10
0.05,0.70697619,0.630419313,0.114963745,0.14307977,NA,NA,NA,0,05/04/2022,50m,10,10
0.05,0.716384921,0.64227254,0.131612231,0.163738111,NA,NA,NA,4,05/04/2022,50m,10,10
0.05,0.243951453,0.0562448,0.091282746,0.112567491,NA,NA,NA,0,26/05/2022,15-30-50m,10,10
0.05,0.27815725,0.09789337,0.097077836,0.120225585,NA,NA,NA,3,26/05/2022,15-30-50m,10,10
0.05,0.333369048,0.169268818,0.150628703,0.183947448,NA,NA,NA,0,26/05/2022,50m,10,10
0.05,0.182849206,-0.012161221,0.129097555,0.152976916,NA,NA,NA,3,26/05/2022,50m,10,10
0.05,0.197123016,0.026913371,0.107750939,0.124947792,NA,NA,NA,0,26/05/2022,15m,10,10
0.05,0.193821429,-0.004897142,0.145200408,0.17944347,NA,NA,NA,3,26/05/2022,15m,10,10
0.05,0.226873016,0.045236026,0.138970785,0.161045987,NA,NA,NA,0,26/05/2022,30m,10,10
0.05,0.270738095,0.107400569,0.116547236,0.141270788,NA,NA,NA,3,26/05/2022,30m,10,10
0.05,0.532097569,0.414378298,0.121720212,0.151164109,NA,NA,NA,0,14/02/2022,15-30m,10,10
0.05,0.455379953,0.316909785,0.119973682,0.151278441,NA,NA,NA,3,14/02/2022,15-30m,10,10
0.05,0.721214286,0.648951523,0.154268591,0.193217958,NA,NA,NA,0,14/02/2022,15m,10,10
0.05,0.553,0.439551957,0.143373933,0.176825783,NA,NA,NA,3,14/02/2022,15m,10,10
0.05,0.510150794,0.384800493,0.169338229,0.209603491,NA,NA,NA,0,14/02/2022,30m,10,10
0.05,0.400416667,0.253633661,0.163109885,0.198716373,NA,NA,NA,3,14/02/2022,30m,10,10
0.05,0.352524975,0.189722166,0.111481914,0.138464487,NA,NA,NA,0,03/02/2022,15-30m,10,10
0.05,0.360413087,0.198318411,0.11518947,0.142884798,NA,NA,NA,3,03/02/2022,15-30m,10,10
0.05,0.466952381,0.328384463,0.175108651,0.217676514,NA,NA,NA,0,03/02/2022,30m,10,10
0.05,0.331666667,0.17150905,0.152838625,0.187215911,NA,NA,NA,4,03/02/2022,30m,10,10
0.05,0.531563492,0.409302304,0.157711492,0.199520285,NA,NA,NA,0,03/02/2022,15m,10,10
0.05,0.536027778,0.419692531,0.169048121,0.211496963,NA,NA,NA,3,03/02/2022,15m,10,10
0.05,0.457583333,0.318537337,0.159743667,0.201678776,NA,NA,NA,0,03/05/2022,50m,10,10
0.05,0.276642857,0.099615004,0.124879724,0.157128379,NA,NA,NA,3,03/05/2022,50m,10,10
0.05,0.338770396,0.174498124,0.110737716,0.136337042,NA,NA,NA,0,19/01/2022,15-30m,10,10
0.05,0.340788212,0.178495144,0.132807778,0.161945927,NA,NA,NA,4,19/01/2022,15-30m,10,10
0.05,0.386702381,0.234758724,0.171891748,0.206582433,NA,NA,NA,0,19/01/2022,30m,10,10
0.05,0.353170635,0.192736376,0.156264556,0.190236765,NA,NA,NA,4,19/01/2022,30m,10,10
0.05,0.294801587,0.123589222,0.133953274,0.161862175,NA,NA,NA,0,19/01/2022,15m,10,10
0.05,0.461869048,0.324318517,0.172144107,0.214559095,NA,NA,NA,4,19/01/2022,15m,10,10
0.05,0.690295871,0.611258801,0.127010165,0.158417155,NA,NA,NA,0,09/03/2022,15-30m,10,10
0.05,0.674026307,0.590447691,0.128128203,0.161271364,NA,NA,NA,3,09/03/2022,15-30m,10,10
0.05,0.715190476,0.643410491,0.193614724,0.237658115,NA,NA,NA,0,09/03/2022,15m,10,10
0.05,0.726940476,0.656143135,0.152256297,0.1892821,NA,NA,NA,2,09/03/2022,15m,10,10
0.05,0.752035714,0.684857499,0.147499748,0.187470928,NA,NA,NA,0,09/03/2022,30m,10,10
0.05,0.761702381,0.700676505,0.188275455,0.234803199,NA,NA,NA,2,09/03/2022,30m,10,10
0.05,0.28527381,0.120252091,0.118847554,0.139827976,NA,NA,NA,0,02/06/2022,50m,10,10
0.05,0.133511905,-0.073567933,0.1104228,0.137982837,NA,NA,NA,2,02/06/2022,50m,10,10
0.05,0.768492063,0.708172532,0.182309127,0.228733469,NA,NA,NA,0,22/03/2022,50m,10,10
0.05,0.845376984,0.803750662,0.128100482,0.161862281,NA,NA,NA,2,22/03/2022,50m,10,10
0.05,0.666666667,0.583702325,0.129623654,0.158593129,NA,NA,NA,0,19/04/2022,50m,10,10
0.05,0.505559524,0.381526496,0.162562507,0.204410585,NA,NA,NA,3,19/04/2022,50m,10,10
0.05,0.701293651,0.62116355,0.102739314,0.128236001,NA,NA,NA,0,05/04/2022,50m,10,10
0.05,0.701130952,0.623400582,0.143477127,0.178973429,NA,NA,NA,4,05/04/2022,50m,10,10
0.05,0.239343567,0.05033786,0.079062958,0.097566926,NA,NA,NA,0,26/05/2022,15-30-50m,10,10
0.05,0.301285346,0.125700525,0.099751899,0.124352717,NA,NA,NA,3,26/05/2022,15-30-50m,10,10
0.05,0.329095238,0.163708574,0.164017924,0.202384809,NA,NA,NA,0,26/05/2022,50m,10,10
0.05,0.190230159,-0.006008963,0.131363983,0.159904896,NA,NA,NA,3,26/05/2022,50m,10,10
0.05,0.18827381,0.010005424,0.136856536,0.156378685,NA,NA,NA,0,26/05/2022,15m,10,10
0.05,0.169261905,-0.030937419,0.131851865,0.160898707,NA,NA,NA,3,26/05/2022,15m,10,10
0.05,0.251809524,0.068044591,0.139482085,0.169358042,NA,NA,NA,0,26/05/2022,30m,10,10
0.05,0.257281746,0.088241343,0.120279466,0.156717892,NA,NA,NA,3,26/05/2022,30m,10,10
0.05,0.526670663,0.406683705,0.124111262,0.153771833,NA,NA,NA,0,14/02/2022,15-30m,10,10
0.05,0.44787679,0.309900819,0.130592633,0.161633206,NA,NA,NA,3,14/02/2022,15-30m,10,10
0.05,0.691154762,0.610373367,0.172893311,0.21571098,NA,NA,NA,0,14/02/2022,15m,10,10
0.05,0.558571429,0.449204241,0.148553941,0.183215562,NA,NA,NA,3,14/02/2022,15m,10,10
0.05,0.497988095,0.369126172,0.17919288,0.220614686,NA,NA,NA,0,14/02/2022,30m,10,10
0.05,0.414781746,0.26652451,0.149202228,0.183737002,NA,NA,NA,3,14/02/2022,30m,10,10
