"","OOB","X35","X70","X140","X280","X560","date","alt","PC","mtry"
"1",0.452380952380952,0.6,0.857142857142857,0.333333333333333,0.333333333333333,0.142857142857143,"2022-02-14","15m",0,4
"2",0.738095238095238,0.6,0.857142857142857,1,0.666666666666667,0.571428571428571,"2022-02-14","15m",3,1
"3",0.428571428571429,0.5,0.5,0.6,0.5,0,"2022-02-14","30m",0,4
"4",0.69047619047619,1,0.75,0.8,0.7,0.25,"2022-02-14","30m",3,1
"5",0.261904761904762,0.666666666666667,0.25,0.1,0.3,0.125,"2022-02-14","15-30m",0,5
"6",0.452380952380952,0.666666666666667,0.5,0.6,0.4,0.125,"2022-02-14","15-30m",4,2
"7",0.547619047619048,0.727272727272727,0.375,0.444444444444444,0.857142857142857,0.285714285714286,"2022-01-19","30m",0,4
"8",0.619047619047619,0.636363636363636,0.5,0.666666666666667,0.857142857142857,0.428571428571429,"2022-01-19","30m",4,2
"9",0.714285714285714,1,0.8,0.857142857142857,0.5,0.375,"2022-01-19","15m",0,4
"10",0.619047619047619,0.666666666666667,0.7,0.857142857142857,0.5,0.375,"2022-01-19","15m",4,2
"11",0.476190476190476,0.444444444444444,0.5,0.571428571428571,0.5,0.375,"2022-01-19","15-30m",0,5
"12",0.571428571428571,0.777777777777778,0.7,0.857142857142857,0.375,0.125,"2022-01-19","15-30m",6,2
"13",0.547619047619048,0.545454545454545,1,0.714285714285714,0.375,0.125,"2022-02-03","15m",0,4
"14",0.523809523809524,0.454545454545455,0.75,0.714285714285714,0.5,0.25,"2022-02-03","15m",3,1
"15",0.571428571428571,1,0.7,0.555555555555556,0.5,0.222222222222222,"2022-02-03","30m",0,4
"16",0.714285714285714,0.833333333333333,0.7,0.666666666666667,1,0.444444444444444,"2022-02-03","30m",5,2
"17",0.428571428571429,0.833333333333333,0.5,0.555555555555556,0.25,0.111111111111111,"2022-02-03","15-30m",0,5
"18",0.547619047619048,1,0.5,0.666666666666667,0.625,0.111111111111111,"2022-02-03","15-30m",6,2
"19",0.119047619047619,0.125,0.25,0,0.142857142857143,0.1,"2022-03-09","15m",0,4
"20",0.261904761904762,0.125,0.5,0.111111111111111,0.571428571428571,0.1,"2022-03-09","15m",2,1
"21",0.285714285714286,0.333333333333333,0.3,0.222222222222222,0.375,0.166666666666667,"2022-03-09","30m",0,4
"22",0.30952380952381,0.444444444444444,0.4,0.111111111111111,0.25,0.333333333333333,"2022-03-09","30m",2,1
"23",0.214285714285714,0.333333333333333,0.3,0,0.25,0.166666666666667,"2022-03-09","15-30m",0,5
"24",0.357142857142857,0.444444444444444,0.4,0.222222222222222,0.375,0.333333333333333,"2022-03-09","15-30m",3,1
"25",0.80952380952381,0.714285714285714,0.777777777777778,0.714285714285714,0.8,1,"2022-06-02","50m",0,4
"26",0.880952380952381,1,0.666666666666667,0.857142857142857,1,0.888888888888889,"2022-06-02","50m",2,1
"27",0.928571428571429,1,0.777777777777778,0.857142857142857,1,1,"2022-05-26","15m",0,4
"28",0.880952380952381,0.875,0.777777777777778,1,0.818181818181818,1,"2022-05-26","15m",3,1
"29",0.738095238095238,0.333333333333333,0.777777777777778,0.714285714285714,0.9,1,"2022-05-26","50m",0,4
"30",0.880952380952381,0.666666666666667,1,0.857142857142857,0.9,1,"2022-05-26","50m",3,1
"31",0.833333333333333,0.666666666666667,1,0.888888888888889,0.75,0.857142857142857,"2022-05-26","30m",0,4
"32",0.857142857142857,0.777777777777778,0.777777777777778,0.888888888888889,0.875,1,"2022-05-26","30m",3,1
"33",0.833333333333333,0.777777777777778,0.888888888888889,0.555555555555556,1,1,"2022-05-26","15-30-50m",0,6
"34",0.833333333333333,0.888888888888889,1,0.555555555555556,0.75,1,"2022-05-26","15-30-50m",5,2
"35",0.0952380952380952,0.1,0,0.111111111111111,0.125,0.142857142857143,"2022-03-22","50m",0,4
"36",0.214285714285714,0.1,0.25,0.222222222222222,0.125,0.428571428571429,"2022-03-22","50m",3,1
"37",0.30952380952381,0,0.1,0.142857142857143,0.333333333333333,0.888888888888889,"2022-04-19","50m",0,4
"38",0.380952380952381,0.142857142857143,0.2,0.428571428571429,0.555555555555556,0.555555555555556,"2022-04-19","50m",3,1
"39",0.285714285714286,0,0,0.125,0.875,0.4,"2022-04-05","50m",0,4
"40",0.380952380952381,0,0,0.125,1,0.7,"2022-04-05","50m",4,2
"41",0.642857142857143,0.25,0.75,0.4,1,0.888888888888889,"2022-05-03","50m",0,4
"42",0.761904761904762,0.5,0.875,0.7,0.714285714285714,1,"2022-05-03","50m",3,1
"43",0.30952380952381,0.444444444444444,0.571428571428571,0.1,0.5,0.1,"2022-02-14","15m",0,4
"44",0.380952380952381,0.333333333333333,0.857142857142857,0.3,0.666666666666667,0,"2022-02-14","15m",3,1
"45",0.476190476190476,0.333333333333333,0.625,0.875,0.4,0.142857142857143,"2022-02-14","30m",0,4
"46",0.595238095238095,0.444444444444444,0.875,0.875,0.5,0.285714285714286,"2022-02-14","30m",3,1
"47",0.428571428571429,0.555555555555556,1,0.25,0.2,0.142857142857143,"2022-02-14","15-30m",0,5
"48",0.523809523809524,0.666666666666667,0.625,0.625,0.5,0.142857142857143,"2022-02-14","15-30m",4,2
"49",0.5,0.833333333333333,0.666666666666667,0.333333333333333,0.666666666666667,0.111111111111111,"2022-01-19","30m",0,4
"50",0.619047619047619,0.833333333333333,0.777777777777778,0.333333333333333,0.888888888888889,0.333333333333333,"2022-01-19","30m",4,2
"51",0.619047619047619,1,0.9,0.3,0.833333333333333,0.125,"2022-01-19","15m",0,4
"52",0.523809523809524,0.75,0.7,0.3,0.833333333333333,0.125,"2022-01-19","15m",4,2
"53",0.523809523809524,0.875,0.6,0.4,0.666666666666667,0.125,"2022-01-19","15-30m",0,5
"54",0.666666666666667,1,0.9,0.6,0.666666666666667,0.125,"2022-01-19","15-30m",6,2
"55",0.404761904761905,0.857142857142857,0.75,0.375,0.2,0,"2022-02-03","15m",0,4
"56",0.428571428571429,0.571428571428571,0.875,0.375,0.4,0,"2022-02-03","15m",3,1
"57",0.523809523809524,0.555555555555556,0.75,0.444444444444444,0.833333333333333,0.2,"2022-02-03","30m",0,4
"58",0.69047619047619,0.777777777777778,0.875,0.888888888888889,0.833333333333333,0.2,"2022-02-03","30m",4,2
"59",0.452380952380952,0.444444444444444,0.75,0.444444444444444,0.666666666666667,0.1,"2022-02-03","15-30m",0,5
"60",0.523809523809524,0.444444444444444,0.625,0.777777777777778,0.833333333333333,0.1,"2022-02-03","15-30m",6,2
"61",0.261904761904762,0.333333333333333,0.454545454545455,0.125,0.142857142857143,0.142857142857143,"2022-03-09","15m",0,4
"62",0.285714285714286,0.444444444444444,0.272727272727273,0.25,0.285714285714286,0.142857142857143,"2022-03-09","15m",3,1
"63",0.142857142857143,0.111111111111111,0.375,0.125,0.1,0,"2022-03-09","30m",0,4
"64",0.285714285714286,0.333333333333333,0.375,0.25,0.3,0.142857142857143,"2022-03-09","30m",2,1
"65",0.166666666666667,0.111111111111111,0.375,0,0.2,0.142857142857143,"2022-03-09","15-30m",0,5
"66",0.214285714285714,0.111111111111111,0.375,0.125,0.3,0.142857142857143,"2022-03-09","15-30m",3,1
"67",0.80952380952381,1,0.7,0.666666666666667,0.727272727272727,1,"2022-06-02","50m",0,4
"68",0.785714285714286,1,0.6,0.5,1,0.777777777777778,"2022-06-02","50m",2,1
"69",0.714285714285714,0.777777777777778,0.8,0.5,0.75,0.8,"2022-05-26","15m",0,4
"70",0.714285714285714,0.555555555555556,0.9,0.6,0.625,1,"2022-05-26","15m",3,1
"71",0.80952380952381,0.857142857142857,0.7,0.625,0.9,1,"2022-05-26","50m",0,4
"72",0.714285714285714,0.571428571428571,0.7,0.5,0.8,1,"2022-05-26","50m",3,1
"73",0.833333333333333,0.666666666666667,0.8,1,0.75,1,"2022-05-26","30m",0,4
"74",0.761904761904762,0.333333333333333,0.8,1,0.75,1,"2022-05-26","30m",3,1
"75",0.761904761904762,0.666666666666667,0.7,0.625,0.875,1,"2022-05-26","15-30-50m",0,6
"76",0.857142857142857,0.555555555555556,1,0.875,0.875,1,"2022-05-26","15-30-50m",5,2
"77",0.119047619047619,0.2,0,0,0.111111111111111,0.285714285714286,"2022-03-22","50m",0,4
"78",0.166666666666667,0.1,0,0.142857142857143,0.222222222222222,0.428571428571429,"2022-03-22","50m",2,1
"79",0.30952380952381,0.166666666666667,0.222222222222222,0,0.625,0.5,"2022-04-19","50m",0,4
"80",0.452380952380952,0.166666666666667,0.555555555555556,0.444444444444444,0.625,0.4,"2022-04-19","50m",3,1
"81",0.238095238095238,0,0,0.142857142857143,0.5,0.5,"2022-04-05","50m",0,4
"82",0.30952380952381,0,0,0.142857142857143,0.7,0.625,"2022-04-05","50m",4,2
"83",0.476190476190476,0.111111111111111,0.333333333333333,0.5,0.545454545454545,1,"2022-05-03","50m",0,4
"84",0.523809523809524,0.222222222222222,0.333333333333333,0.666666666666667,0.545454545454545,1,"2022-05-03","50m",3,1
"85",0.404761904761905,0.6,0.625,0.2,0.428571428571429,0.142857142857143,"2022-02-14","15m",0,4
"86",0.666666666666667,0.4,1,0.7,0.857142857142857,0.428571428571429,"2022-02-14","15m",3,1
"87",0.571428571428571,0.75,0.7,0.875,0.5,0,"2022-02-14","30m",0,4
"88",0.69047619047619,0.875,0.9,1,0.625,0,"2022-02-14","30m",3,1
"89",0.380952380952381,0.75,0.6,0.125,0.25,0.125,"2022-02-14","15-30m",0,5
"90",0.642857142857143,1,0.7,0.75,0.625,0.125,"2022-02-14","15-30m",4,2
"91",0.476190476190476,0.5,0.666666666666667,0.571428571428571,0.555555555555556,0.111111111111111,"2022-01-19","30m",0,4
"92",0.619047619047619,0.375,0.666666666666667,0.714285714285714,0.888888888888889,0.444444444444444,"2022-01-19","30m",4,2
"93",0.523809523809524,0.777777777777778,0.444444444444444,0.666666666666667,0.571428571428571,0.125,"2022-01-19","15m",0,4
"94",0.547619047619048,0.555555555555556,0.555555555555556,0.666666666666667,0.714285714285714,0.25,"2022-01-19","15m",4,2
"95",0.595238095238095,0.777777777777778,0.666666666666667,0.444444444444444,0.857142857142857,0.25,"2022-01-19","15-30m",0,5
"96",0.642857142857143,0.777777777777778,0.666666666666667,0.777777777777778,0.714285714285714,0.25,"2022-01-19","15-30m",5,2
"97",0.428571428571429,0.6,0.5,0.8,0.375,0.0909090909090909,"2022-02-03","15m",0,4
"98",0.428571428571429,0.5,0.625,0.8,0.375,0.0909090909090909,"2022-02-03","15m",3,1
"99",0.69047619047619,0.777777777777778,1,0.714285714285714,0.75,0.222222222222222,"2022-02-03","30m",0,4
"100",0.69047619047619,0.888888888888889,0.888888888888889,0.857142857142857,0.75,0.111111111111111,"2022-02-03","30m",4,2
"101",0.5,0.888888888888889,0.777777777777778,0.285714285714286,0.375,0.111111111111111,"2022-02-03","15-30m",0,5
"102",0.547619047619048,0.666666666666667,0.555555555555556,0.857142857142857,0.5,0.222222222222222,"2022-02-03","15-30m",5,2
"103",0.357142857142857,0.444444444444444,0.454545454545455,0.125,0.25,0.5,"2022-03-09","15m",0,4
"104",0.333333333333333,0.444444444444444,0.181818181818182,0,0.5,0.666666666666667,"2022-03-09","15m",2,1
"105",0.19047619047619,0.375,0.2,0,0.125,0.2,"2022-03-09","30m",0,4
"106",0.30952380952381,0.5,0.5,0,0.25,0.2,"2022-03-09","30m",2,1
"107",0.214285714285714,0.125,0.3,0.166666666666667,0.25,0.2,"2022-03-09","15-30m",0,5
"108",0.285714285714286,0.375,0.1,0.5,0.375,0.2,"2022-03-09","15-30m",3,1
"109",0.833333333333333,0.857142857142857,0.875,1,0.636363636363636,0.857142857142857,"2022-06-02","50m",0,4
"110",0.642857142857143,0.714285714285714,0.75,0.555555555555556,0.636363636363636,0.571428571428571,"2022-06-02","50m",2,1
"111",0.833333333333333,0.8,1,0.666666666666667,0.8,1,"2022-05-26","15m",0,4
"112",0.928571428571429,0.8,1,0.888888888888889,1,1,"2022-05-26","15m",3,1
"113",0.761904761904762,0.222222222222222,0.857142857142857,1,0.8,1,"2022-05-26","50m",0,4
"114",0.738095238095238,0.222222222222222,1,0.875,0.7,1,"2022-05-26","50m",3,1
"115",0.833333333333333,0.666666666666667,1,0.75,1,0.818181818181818,"2022-05-26","30m",0,4
"116",0.738095238095238,0.444444444444444,1,0.625,0.714285714285714,0.909090909090909,"2022-05-26","30m",3,1
"117",0.738095238095238,0.555555555555556,0.857142857142857,0.75,0.857142857142857,0.727272727272727,"2022-05-26","15-30-50m",0,6
"118",0.738095238095238,0.444444444444444,1,0.5,1,0.818181818181818,"2022-05-26","15-30-50m",5,2
"119",0.166666666666667,0.1,0.125,0.142857142857143,0.222222222222222,0.25,"2022-03-22","50m",0,4
"120",0.19047619047619,0.1,0,0.285714285714286,0.222222222222222,0.375,"2022-03-22","50m",2,1
"121",0.333333333333333,0,0.125,0,0.5,0.888888888888889,"2022-04-19","50m",0,4
"122",0.357142857142857,0,0.25,0.25,0.5,0.666666666666667,"2022-04-19","50m",3,1
"123",0.19047619047619,0,0,0,0.625,0.375,"2022-04-05","50m",0,4
"124",0.30952380952381,0,0.111111111111111,0,0.75,0.75,"2022-04-05","50m",4,2
"125",0.595238095238095,0.375,0.777777777777778,0.4,0.75,0.714285714285714,"2022-05-03","50m",0,4
"126",0.595238095238095,0.375,0.666666666666667,0.6,0.5,0.857142857142857,"2022-05-03","50m",3,1
"127",0.357142857142857,0.714285714285714,0.3,0.333333333333333,0.428571428571429,0.111111111111111,"2022-02-14","15m",0,4
"128",0.547619047619048,0.714285714285714,0.6,0.555555555555556,0.714285714285714,0.222222222222222,"2022-02-14","15m",3,1
"129",0.452380952380952,0.666666666666667,0.75,0.625,0.25,0,"2022-02-14","30m",0,4
"130",0.547619047619048,0.555555555555556,1,0.75,0.375,0.111111111111111,"2022-02-14","30m",3,1
"131",0.404761904761905,0.555555555555556,0.625,0.25,0.5,0.111111111111111,"2022-02-14","15-30m",0,5
"132",0.714285714285714,1,1,0.875,0.625,0.111111111111111,"2022-02-14","15-30m",4,2
"133",0.547619047619048,0.9,0.75,0.444444444444444,0.666666666666667,0,"2022-01-19","30m",0,4
"134",0.595238095238095,0.7,0.875,0.555555555555556,0.833333333333333,0.111111111111111,"2022-01-19","30m",4,2
"135",0.571428571428571,1,0.444444444444444,0.555555555555556,0.75,0.222222222222222,"2022-01-19","15m",0,4
"136",0.428571428571429,0.714285714285714,0.333333333333333,0.444444444444444,0.5,0.222222222222222,"2022-01-19","15m",4,2
"137",0.547619047619048,1,0.444444444444444,0.666666666666667,0.5,0.222222222222222,"2022-01-19","15-30m",0,5
"138",0.666666666666667,0.857142857142857,0.777777777777778,0.777777777777778,0.625,0.333333333333333,"2022-01-19","15-30m",6,2
"139",0.476190476190476,0.75,0.888888888888889,0.333333333333333,0.375,0,"2022-02-03","15m",0,4
"140",0.619047619047619,0.625,0.777777777777778,1,0.5,0.125,"2022-02-03","15m",3,1
"141",0.5,0.333333333333333,1,0.555555555555556,0.5,0.333333333333333,"2022-02-03","30m",0,4
"142",0.666666666666667,0.666666666666667,1,0.777777777777778,0.7,0.333333333333333,"2022-02-03","30m",4,2
"143",0.357142857142857,0.222222222222222,1,0.444444444444444,0.3,0.111111111111111,"2022-02-03","15-30m",0,5
"144",0.476190476190476,0.444444444444444,1,0.777777777777778,0.3,0.111111111111111,"2022-02-03","15-30m",6,2
"145",0.238095238095238,0.222222222222222,0.166666666666667,0.125,0.3,0.333333333333333,"2022-03-09","15m",0,4
"146",0.404761904761905,0.222222222222222,0.666666666666667,0.125,0.6,0.444444444444444,"2022-03-09","15m",2,1
"147",0.19047619047619,0.285714285714286,0.125,0,0.428571428571429,0.222222222222222,"2022-03-09","30m",0,4
"148",0.119047619047619,0.142857142857143,0.125,0,0.142857142857143,0.222222222222222,"2022-03-09","30m",2,1
"149",0.238095238095238,0.285714285714286,0.25,0,0.428571428571429,0.333333333333333,"2022-03-09","15-30m",0,5
"150",0.238095238095238,0.428571428571429,0.25,0,0.428571428571429,0.222222222222222,"2022-03-09","15-30m",3,1
"151",0.833333333333333,1,0.8,0.7,0.714285714285714,1,"2022-06-02","50m",0,4
"152",0.738095238095238,1,0.6,0.5,0.857142857142857,0.875,"2022-06-02","50m",2,1
"153",0.904761904761905,0.7,1,0.875,1,1,"2022-05-26","15m",0,4
"154",0.857142857142857,0.6,1,0.75,1,1,"2022-05-26","15m",3,1
"155",0.714285714285714,0.222222222222222,0.75,0.7,1,1,"2022-05-26","50m",0,4
"156",0.857142857142857,0.777777777777778,1,0.7,0.875,1,"2022-05-26","50m",3,1
"157",0.880952380952381,1,1,0.777777777777778,0.875,0.75,"2022-05-26","30m",0,4
"158",0.857142857142857,0.666666666666667,0.875,0.888888888888889,0.875,1,"2022-05-26","30m",3,1
"159",0.714285714285714,0.555555555555556,0.75,0.444444444444444,1,0.875,"2022-05-26","15-30-50m",0,6
"160",0.761904761904762,0.666666666666667,1,0.666666666666667,0.75,0.75,"2022-05-26","15-30-50m",5,2
"161",0.119047619047619,0.166666666666667,0,0.111111111111111,0.285714285714286,0.0909090909090909,"2022-03-22","50m",0,4
"162",0.119047619047619,0.333333333333333,0,0.111111111111111,0.142857142857143,0.0909090909090909,"2022-03-22","50m",2,1
"163",0.30952380952381,0.125,0.181818181818182,0.285714285714286,0.428571428571429,0.555555555555556,"2022-04-19","50m",0,4
"164",0.404761904761905,0.125,0.181818181818182,0.857142857142857,0.714285714285714,0.333333333333333,"2022-04-19","50m",3,1
"165",0.333333333333333,0,0,0.142857142857143,1,0.625,"2022-04-05","50m",0,4
"166",0.333333333333333,0,0.125,0,0.875,0.75,"2022-04-05","50m",3,1
"167",0.642857142857143,0.222222222222222,0.875,0.5,0.857142857142857,0.875,"2022-05-03","50m",0,4
"168",0.785714285714286,0.333333333333333,0.875,0.9,0.857142857142857,1,"2022-05-03","50m",2,1
"169",0.380952380952381,0.555555555555556,0.555555555555556,0.222222222222222,0.3,0.2,"2022-02-14","15m",0,4
"170",0.547619047619048,0.444444444444444,0.777777777777778,0.555555555555556,0.4,0.6,"2022-02-14","15m",3,1
"171",0.523809523809524,0.555555555555556,0.6,0.444444444444444,1,0.125,"2022-02-14","30m",0,4
"172",0.571428571428571,0.777777777777778,0.9,0.555555555555556,0.5,0,"2022-02-14","30m",2,1
"173",0.333333333333333,0.555555555555556,0.7,0.111111111111111,0.166666666666667,0,"2022-02-14","15-30m",0,5
"174",0.619047619047619,1,0.7,0.444444444444444,0.833333333333333,0.125,"2022-02-14","15-30m",4,2
"175",0.666666666666667,0.875,0.777777777777778,0.5,1,0.25,"2022-01-19","30m",0,4
"176",0.785714285714286,1,1,0.5,1,0.5,"2022-01-19","30m",4,2
"177",0.642857142857143,1,0.8,0.25,1,0.222222222222222,"2022-01-19","15m",0,4
"178",0.619047619047619,1,0.7,0.625,0.625,0.222222222222222,"2022-01-19","15m",4,2
"179",0.523809523809524,0.857142857142857,0.5,0.5,0.625,0.222222222222222,"2022-01-19","15-30m",0,5
"180",0.666666666666667,0.857142857142857,1,0.625,0.625,0.222222222222222,"2022-01-19","15-30m",6,2
"181",0.428571428571429,0.4,1,0.25,0.5,0.111111111111111,"2022-02-03","15m",0,4
"182",0.476190476190476,0.5,0.857142857142857,0.5,0.5,0.111111111111111,"2022-02-03","15m",3,1
"183",0.5,0.428571428571429,0.625,0.5,0.625,0.333333333333333,"2022-02-03","30m",0,4
"184",0.666666666666667,0.285714285714286,0.875,0.8,0.875,0.444444444444444,"2022-02-03","30m",4,2
"185",0.476190476190476,0.571428571428571,0.625,0.6,0.5,0.111111111111111,"2022-02-03","15-30m",0,5
"186",0.69047619047619,0.857142857142857,0.875,0.7,0.75,0.333333333333333,"2022-02-03","15-30m",5,2
"187",0.404761904761905,0.3,1,0.4,0.285714285714286,0.222222222222222,"2022-03-09","15m",0,4
"188",0.357142857142857,0.3,0.833333333333333,0.2,0.428571428571429,0.222222222222222,"2022-03-09","15m",2,1
"189",0.0952380952380952,0.1,0.142857142857143,0.125,0.142857142857143,0,"2022-03-09","30m",0,4
"190",0.238095238095238,0.1,0.571428571428571,0.25,0.285714285714286,0.1,"2022-03-09","30m",2,1
"191",0.0714285714285714,0.1,0.285714285714286,0,0,0,"2022-03-09","15-30m",0,5
"192",0.404761904761905,0.3,1,0.25,0.428571428571429,0.2,"2022-03-09","15-30m",3,1
"193",0.857142857142857,0.5,0.8,0.875,1,1,"2022-06-02","50m",0,4
"194",0.761904761904762,0.666666666666667,0.9,0.625,0.636363636363636,1,"2022-06-02","50m",2,1
"195",0.880952380952381,0.857142857142857,1,0.75,1,0.8,"2022-05-26","15m",0,4
"196",0.880952380952381,1,1,1,0.8,0.7,"2022-05-26","15m",3,1
"197",0.738095238095238,0.444444444444444,0.875,0.625,0.888888888888889,0.875,"2022-05-26","50m",0,4
"198",0.80952380952381,0.444444444444444,1,0.75,0.888888888888889,1,"2022-05-26","50m",3,1
"199",0.880952380952381,1,0.8,0.8,0.888888888888889,1,"2022-05-26","30m",0,4
"200",0.857142857142857,0.833333333333333,1,0.7,0.777777777777778,1,"2022-05-26","30m",3,1
"201",0.785714285714286,0.833333333333333,0.6,0.7,0.888888888888889,1,"2022-05-26","15-30-50m",0,6
"202",0.80952380952381,0.666666666666667,0.8,0.7,0.888888888888889,1,"2022-05-26","15-30-50m",5,2
"203",0.0952380952380952,0.125,0,0.1,0.125,0.111111111111111,"2022-03-22","50m",0,4
"204",0.142857142857143,0,0.142857142857143,0.2,0.25,0.111111111111111,"2022-03-22","50m",2,1
"205",0.357142857142857,0.125,0.285714285714286,0.25,0.555555555555556,0.5,"2022-04-19","50m",0,4
"206",0.404761904761905,0.125,0.428571428571429,0.25,0.666666666666667,0.5,"2022-04-19","50m",3,1
"207",0.333333333333333,0,0,0.333333333333333,0.777777777777778,0.5,"2022-04-05","50m",0,4
"208",0.380952380952381,0,0,0.166666666666667,0.888888888888889,0.7,"2022-04-05","50m",3,1
"209",0.666666666666667,0.222222222222222,0.6,1,0.888888888888889,0.714285714285714,"2022-05-03","50m",0,4
"210",0.619047619047619,0.222222222222222,0.6,1,0.777777777777778,0.571428571428571,"2022-05-03","50m",3,1
"211",0.357142857142857,0.833333333333333,0.714285714285714,0.2,0.2,0.111111111111111,"2022-02-14","15m",0,4
"212",0.571428571428571,0.666666666666667,0.857142857142857,0.6,0.6,0.222222222222222,"2022-02-14","15m",3,1
"213",0.5,0.444444444444444,1,0.636363636363636,0.714285714285714,0,"2022-02-14","30m",0,4
"214",0.571428571428571,0.777777777777778,1,0.454545454545455,0.714285714285714,0.2,"2022-02-14","30m",2,1
"215",0.333333333333333,0.444444444444444,1,0.0909090909090909,0.428571428571429,0.1,"2022-02-14","15-30m",0,5
"216",0.476190476190476,0.777777777777778,1,0.363636363636364,0.571428571428571,0,"2022-02-14","15-30m",4,2
"217",0.476190476190476,1,0.714285714285714,0.333333333333333,0.5,0.181818181818182,"2022-01-19","30m",0,4
"218",0.642857142857143,1,0.857142857142857,0.444444444444444,0.9,0.272727272727273,"2022-01-19","30m",4,2
"219",0.619047619047619,0.777777777777778,0.857142857142857,0.857142857142857,0.5,0.222222222222222,"2022-01-19","15m",0,4
"220",0.642857142857143,0.777777777777778,0.857142857142857,1,0.5,0.222222222222222,"2022-01-19","15m",4,2
"221",0.595238095238095,0.555555555555556,1,1,0.4,0.222222222222222,"2022-01-19","15-30m",0,5
"222",0.714285714285714,0.777777777777778,1,1,0.6,0.333333333333333,"2022-01-19","15-30m",6,2
"223",0.595238095238095,0.9,0.9,0.4,0.5,0,"2022-02-03","15m",0,4
"224",0.666666666666667,0.9,0.8,0.5,0.833333333333333,0.166666666666667,"2022-02-03","15m",3,1
"225",0.547619047619048,0.5,0.6,0.833333333333333,0.857142857142857,0.181818181818182,"2022-02-03","30m",0,4
"226",0.69047619047619,0.875,0.9,1,0.571428571428571,0.272727272727273,"2022-02-03","30m",4,2
"227",0.547619047619048,1,0.7,0.333333333333333,0.714285714285714,0.0909090909090909,"2022-02-03","15-30m",0,5
"228",0.523809523809524,0.875,0.5,0.833333333333333,0.571428571428571,0.0909090909090909,"2022-02-03","15-30m",6,2
"229",0.214285714285714,0.2,0.444444444444444,0.222222222222222,0.111111111111111,0,"2022-03-09","15m",0,4
"230",0.357142857142857,0.3,0.555555555555556,0.333333333333333,0.222222222222222,0.4,"2022-03-09","15m",2,1
"231",0.214285714285714,0.25,0.375,0.166666666666667,0.2,0.1,"2022-03-09","30m",0,4
"232",0.333333333333333,0.375,0.375,0.333333333333333,0.4,0.2,"2022-03-09","30m",2,1
"233",0.238095238095238,0.25,0.375,0.166666666666667,0.2,0.2,"2022-03-09","15-30m",0,5
"234",0.333333333333333,0.25,0.375,0.666666666666667,0.3,0.2,"2022-03-09","15-30m",3,1
"235",0.738095238095238,0.833333333333333,0.9,0.555555555555556,0.857142857142857,0.6,"2022-06-02","50m",0,4
"236",0.714285714285714,0.833333333333333,0.7,0.555555555555556,1,0.6,"2022-06-02","50m",2,1
"237",0.761904761904762,0.7,0.833333333333333,0.7,1,0.7,"2022-05-26","15m",0,4
"238",0.785714285714286,0.8,1,0.6,0.833333333333333,0.8,"2022-05-26","15m",3,1
"239",0.69047619047619,0.333333333333333,0.333333333333333,1,1,0.888888888888889,"2022-05-26","50m",0,4
"240",0.785714285714286,0.333333333333333,0.666666666666667,1,1,1,"2022-05-26","50m",3,1
"241",0.833333333333333,0.636363636363636,1,0.727272727272727,1,1,"2022-05-26","30m",0,4
"242",0.714285714285714,0.454545454545455,1,0.545454545454545,1,0.833333333333333,"2022-05-26","30m",3,1
"243",0.69047619047619,0.363636363636364,1,0.454545454545455,1,1,"2022-05-26","15-30-50m",0,6
"244",0.738095238095238,0.636363636363636,0.875,0.545454545454545,1,0.833333333333333,"2022-05-26","15-30-50m",5,2
"245",0.142857142857143,0,0.142857142857143,0,0.375,0.2,"2022-03-22","50m",0,4
"246",0.166666666666667,0.1,0.142857142857143,0.142857142857143,0.25,0.2,"2022-03-22","50m",2,1
"247",0.30952380952381,0,0.2,0.1,0.444444444444444,0.777777777777778,"2022-04-19","50m",0,4
"248",0.357142857142857,0,0.6,0.2,0.666666666666667,0.444444444444444,"2022-04-19","50m",3,1
"249",0.261904761904762,0,0,0,1,0.444444444444444,"2022-04-05","50m",0,4
"250",0.285714285714286,0,0.125,0,1,0.444444444444444,"2022-04-05","50m",3,1
"251",0.404761904761905,0.25,0.625,0.444444444444444,0.428571428571429,0.3,"2022-05-03","50m",0,4
"252",0.642857142857143,0.25,0.625,1,0.571428571428571,0.7,"2022-05-03","50m",3,1
"253",0.523809523809524,1,0.5,0.625,0.571428571428571,0.1,"2022-02-14","15m",0,4
"254",0.5,0.571428571428571,0.5,0.875,0.571428571428571,0.1,"2022-02-14","15m",3,1
"255",0.523809523809524,0.666666666666667,0.636363636363636,0.857142857142857,0.375,0,"2022-02-14","30m",0,4
"256",0.80952380952381,0.666666666666667,1,1,0.875,0.428571428571429,"2022-02-14","30m",3,1
"257",0.5,0.888888888888889,0.545454545454545,0.428571428571429,0.375,0.142857142857143,"2022-02-14","15-30m",0,5
"258",0.595238095238095,0.777777777777778,0.545454545454545,1,0.5,0.142857142857143,"2022-02-14","15-30m",4,2
"259",0.523809523809524,0.333333333333333,0.777777777777778,0.777777777777778,0.625,0,"2022-01-19","30m",0,4
"260",0.642857142857143,0.888888888888889,0.888888888888889,0.444444444444444,0.625,0.285714285714286,"2022-01-19","30m",3,1
"261",0.595238095238095,0.777777777777778,0.5,0.875,0.555555555555556,0.25,"2022-01-19","15m",0,4
"262",0.666666666666667,0.666666666666667,0.875,0.875,0.777777777777778,0.125,"2022-01-19","15m",4,2
"263",0.619047619047619,0.777777777777778,0.5,1,0.555555555555556,0.25,"2022-01-19","15-30m",0,5
"264",0.642857142857143,0.777777777777778,0.75,0.75,0.666666666666667,0.25,"2022-01-19","15-30m",6,2
"265",0.452380952380952,0.666666666666667,0.777777777777778,0.333333333333333,0.375,0.1,"2022-02-03","15m",0,4
"266",0.476190476190476,0.555555555555556,0.666666666666667,0.666666666666667,0.5,0.1,"2022-02-03","15m",3,1
"267",0.642857142857143,0.666666666666667,0.9,0.5,0.714285714285714,0.375,"2022-02-03","30m",0,4
"268",0.738095238095238,0.888888888888889,0.7,0.875,0.714285714285714,0.5,"2022-02-03","30m",4,2
"269",0.595238095238095,0.888888888888889,0.8,0.625,0.428571428571429,0.125,"2022-02-03","15-30m",0,5
"270",0.595238095238095,0.777777777777778,0.5,0.75,0.714285714285714,0.25,"2022-02-03","15-30m",6,2
"271",0.238095238095238,0.111111111111111,0.5,0,0.5,0.2,"2022-03-09","15m",0,4
"272",0.285714285714286,0.222222222222222,0.375,0.111111111111111,0.666666666666667,0.2,"2022-03-09","15m",2,1
"273",0.214285714285714,0,0.25,0.111111111111111,0.444444444444444,0.285714285714286,"2022-03-09","30m",0,4
"274",0.357142857142857,0.444444444444444,0.375,0.222222222222222,0.222222222222222,0.571428571428571,"2022-03-09","30m",2,1
"275",0.19047619047619,0,0.25,0.111111111111111,0.333333333333333,0.285714285714286,"2022-03-09","15-30m",0,5
"276",0.30952380952381,0.111111111111111,0.25,0.111111111111111,0.444444444444444,0.714285714285714,"2022-03-09","15-30m",3,1
"277",0.80952380952381,0.545454545454545,1,1,0.777777777777778,0.875,"2022-06-02","50m",0,4
"278",0.785714285714286,0.363636363636364,1,0.857142857142857,1,0.875,"2022-06-02","50m",2,1
"279",0.857142857142857,0.8,1,0.625,1,0.857142857142857,"2022-05-26","15m",0,4
"280",0.904761904761905,0.8,1,1,0.9,0.857142857142857,"2022-05-26","15m",3,1
"281",0.69047619047619,0.272727272727273,0.777777777777778,0.714285714285714,1,0.9,"2022-05-26","50m",0,4
"282",0.785714285714286,0.545454545454545,0.888888888888889,0.714285714285714,1,0.9,"2022-05-26","50m",3,1
"283",0.928571428571429,0.9,1,1,0.875,0.875,"2022-05-26","30m",0,4
"284",0.80952380952381,0.4,1,1,0.875,0.875,"2022-05-26","30m",3,1
"285",0.761904761904762,0.4,0.777777777777778,1,1,0.75,"2022-05-26","15-30-50m",0,6
"286",0.904761904761905,0.7,1,1,0.875,1,"2022-05-26","15-30-50m",5,2
"287",0.119047619047619,0.1,0,0.142857142857143,0.111111111111111,0.333333333333333,"2022-03-22","50m",0,4
"288",0.0476190476190476,0,0,0.285714285714286,0,0,"2022-03-22","50m",3,1
"289",0.238095238095238,0.142857142857143,0.0909090909090909,0.111111111111111,0.375,0.571428571428571,"2022-04-19","50m",0,4
"290",0.428571428571429,0.285714285714286,0.181818181818182,0.222222222222222,1,0.571428571428571,"2022-04-19","50m",3,1
"291",0.285714285714286,0,0,0.125,0.666666666666667,0.714285714285714,"2022-04-05","50m",0,4
"292",0.285714285714286,0,0.125,0.25,0.444444444444444,0.714285714285714,"2022-04-05","50m",3,1
"293",0.738095238095238,0.571428571428571,0.666666666666667,0.555555555555556,1,0.888888888888889,"2022-05-03","50m",0,4
"294",0.714285714285714,0.285714285714286,0.555555555555556,0.888888888888889,0.75,1,"2022-05-03","50m",3,1
"295",0.333333333333333,0.625,0.571428571428571,0.222222222222222,0.222222222222222,0.111111111111111,"2022-02-14","15m",0,4
"296",0.571428571428571,0.875,1,0.666666666666667,0.222222222222222,0.222222222222222,"2022-02-14","15m",3,1
"297",0.428571428571429,0.545454545454545,0.5,0.714285714285714,0.428571428571429,0,"2022-02-14","30m",0,4
"298",0.642857142857143,0.727272727272727,0.875,1,0.428571428571429,0.222222222222222,"2022-02-14","30m",3,1
"299",0.404761904761905,0.545454545454545,0.625,0.428571428571429,0.285714285714286,0.111111111111111,"2022-02-14","15-30m",0,5
"300",0.5,0.636363636363636,0.875,0.428571428571429,0.428571428571429,0.111111111111111,"2022-02-14","15-30m",4,2
"301",0.428571428571429,0.625,0.857142857142857,0.222222222222222,0.333333333333333,0.222222222222222,"2022-01-19","30m",0,4
"302",0.547619047619048,0.75,0.857142857142857,0.444444444444444,0.555555555555556,0.222222222222222,"2022-01-19","30m",4,2
"303",0.547619047619048,1,0.625,0.375,0.555555555555556,0.222222222222222,"2022-01-19","15m",0,4
"304",0.642857142857143,0.875,1,0.375,0.666666666666667,0.333333333333333,"2022-01-19","15m",4,2
"305",0.571428571428571,1,0.625,0.375,0.666666666666667,0.222222222222222,"2022-01-19","15-30m",0,5
"306",0.5,0.75,0.75,0.5,0.444444444444444,0.111111111111111,"2022-01-19","15-30m",5,2
"307",0.452380952380952,0.454545454545455,0.875,0.444444444444444,0.6,0,"2022-02-03","15m",0,4
"308",0.571428571428571,0.636363636363636,0.875,0.555555555555556,1,0,"2022-02-03","15m",3,1
"309",0.547619047619048,0.666666666666667,1,0.333333333333333,0.636363636363636,0.3,"2022-02-03","30m",0,4
"310",0.714285714285714,0.833333333333333,1,0.888888888888889,0.818181818181818,0.2,"2022-02-03","30m",4,2
"311",0.404761904761905,0.666666666666667,0.833333333333333,0.333333333333333,0.363636363636364,0.1,"2022-02-03","15-30m",0,5
"312",0.476190476190476,0.833333333333333,0.666666666666667,0.777777777777778,0.272727272727273,0.1,"2022-02-03","15-30m",6,2
"313",0.261904761904762,0.2,0.285714285714286,0.333333333333333,0.375,0.181818181818182,"2022-03-09","15m",0,4
"314",0.428571428571429,0.3,0.571428571428571,0.666666666666667,0.5,0.272727272727273,"2022-03-09","15m",2,1
"315",0.166666666666667,0.285714285714286,0.222222222222222,0,0.285714285714286,0.111111111111111,"2022-03-09","30m",0,4
"316",0.333333333333333,0.571428571428571,0.444444444444444,0,0.428571428571429,0.333333333333333,"2022-03-09","30m",2,1
"317",0.142857142857143,0.142857142857143,0.222222222222222,0,0.142857142857143,0.222222222222222,"2022-03-09","15-30m",0,5
"318",0.238095238095238,0.285714285714286,0.444444444444444,0,0.428571428571429,0.111111111111111,"2022-03-09","15-30m",3,1
"319",0.714285714285714,0.3,1,0.8,0.875,0.8,"2022-06-02","50m",0,4
"320",0.666666666666667,0.5,1,0.5,0.875,0.7,"2022-06-02","50m",2,1
"321",0.857142857142857,0.888888888888889,0.875,0.555555555555556,1,1,"2022-05-26","15m",0,4
"322",0.880952380952381,1,1,0.777777777777778,0.666666666666667,1,"2022-05-26","15m",3,1
"323",0.714285714285714,0.333333333333333,0.6,0.857142857142857,1,0.875,"2022-05-26","50m",0,4
"324",0.738095238095238,0.333333333333333,0.8,0.857142857142857,0.875,0.875,"2022-05-26","50m",3,1
"325",0.857142857142857,0.625,0.9,1,0.888888888888889,0.875,"2022-05-26","30m",0,4
"326",0.880952380952381,0.875,0.8,1,0.777777777777778,1,"2022-05-26","30m",3,1
"327",0.761904761904762,0.625,0.4,1,0.888888888888889,1,"2022-05-26","15-30-50m",0,6
"328",0.833333333333333,0.625,0.8,0.857142857142857,0.888888888888889,1,"2022-05-26","15-30-50m",5,2
"329",0.0714285714285714,0.142857142857143,0,0.1,0,0.166666666666667,"2022-03-22","50m",0,4
"330",0.142857142857143,0.142857142857143,0.272727272727273,0.1,0,0.166666666666667,"2022-03-22","50m",2,1
"331",0.285714285714286,0.142857142857143,0,0.25,0.5,0.714285714285714,"2022-04-19","50m",0,4
"332",0.452380952380952,0.285714285714286,0.0833333333333333,0.625,0.75,0.714285714285714,"2022-04-19","50m",3,1
"333",0.30952380952381,0,0,0.125,0.777777777777778,0.714285714285714,"2022-04-05","50m",0,4
"334",0.357142857142857,0,0,0,0.888888888888889,1,"2022-04-05","50m",4,2
"335",0.571428571428571,0.25,0.5,0.75,0.555555555555556,0.777777777777778,"2022-05-03","50m",0,4
"336",0.666666666666667,0.5,0.625,0.75,0.555555555555556,0.888888888888889,"2022-05-03","50m",3,1
"337",0.285714285714286,0.5,0.4,0.142857142857143,0.125,0.142857142857143,"2022-02-14","15m",0,4
"338",0.642857142857143,0.6,0.9,0.857142857142857,0.375,0.428571428571429,"2022-02-14","15m",3,1
"339",0.547619047619048,0.6,0.857142857142857,0.777777777777778,0.444444444444444,0,"2022-02-14","30m",0,4
"340",0.595238095238095,0.6,1,0.555555555555556,0.555555555555556,0.285714285714286,"2022-02-14","30m",3,1
"341",0.357142857142857,0.6,0.857142857142857,0,0.222222222222222,0.142857142857143,"2022-02-14","15-30m",0,5
"342",0.5,0.7,0.857142857142857,0.555555555555556,0.222222222222222,0.142857142857143,"2022-02-14","15-30m",4,2
"343",0.571428571428571,0.7,0.857142857142857,0.571428571428571,0.555555555555556,0.222222222222222,"2022-01-19","30m",0,4
"344",0.666666666666667,0.7,0.714285714285714,0.714285714285714,0.777777777777778,0.444444444444444,"2022-01-19","30m",4,2
"345",0.619047619047619,0.636363636363636,0.727272727272727,0.875,1,0,"2022-01-19","15m",0,4
"346",0.642857142857143,0.545454545454545,0.727272727272727,0.875,1,0.25,"2022-01-19","15m",4,2
"347",0.595238095238095,0.818181818181818,0.545454545454545,0.75,0.75,0.125,"2022-01-19","15-30m",0,5
"348",0.738095238095238,0.818181818181818,0.818181818181818,1,1,0.125,"2022-01-19","15-30m",6,2
"349",0.333333333333333,1,0.5,0.333333333333333,0.0909090909090909,0.1,"2022-02-03","15m",0,4
"350",0.5,1,0.6,1,0.272727272727273,0.1,"2022-02-03","15m",3,1
"351",0.642857142857143,0.7,1,0.6,1,0.2,"2022-02-03","30m",0,4
"352",0.69047619047619,0.7,1,0.7,1,0.3,"2022-02-03","30m",4,2
"353",0.571428571428571,0.7,1,0.4,1,0.1,"2022-02-03","15-30m",0,5
"354",0.595238095238095,0.6,1,0.6,1,0.1,"2022-02-03","15-30m",5,2
"355",0.285714285714286,0.428571428571429,0.5,0.2,0.2,0.142857142857143,"2022-03-09","15m",0,4
"356",0.261904761904762,0.142857142857143,0.375,0.3,0.2,0.285714285714286,"2022-03-09","15m",2,1
"357",0.19047619047619,0.222222222222222,0.142857142857143,0.125,0.25,0.2,"2022-03-09","30m",0,4
"358",0.261904761904762,0.222222222222222,0.142857142857143,0,0.625,0.3,"2022-03-09","30m",2,1
"359",0.238095238095238,0.222222222222222,0.428571428571429,0.125,0.25,0.2,"2022-03-09","15-30m",0,5
"360",0.238095238095238,0,0.142857142857143,0.25,0.5,0.3,"2022-03-09","15-30m",3,1
"361",0.857142857142857,0.666666666666667,1,0.888888888888889,1,0.777777777777778,"2022-06-02","50m",0,4
"362",0.880952380952381,0.888888888888889,1,0.777777777777778,1,0.777777777777778,"2022-06-02","50m",2,1
"363",0.642857142857143,0.857142857142857,0.818181818181818,0.3,0.666666666666667,0.625,"2022-05-26","15m",0,4
"364",0.904761904761905,1,1,0.7,1,0.875,"2022-05-26","15m",3,1
"365",0.69047619047619,0.222222222222222,0.75,0.666666666666667,0.888888888888889,0.9,"2022-05-26","50m",0,4
"366",0.714285714285714,0.444444444444444,0.75,0.666666666666667,0.888888888888889,0.8,"2022-05-26","50m",3,1
"367",0.904761904761905,1,0.636363636363636,1,1,1,"2022-05-26","30m",0,4
"368",0.952380952380952,1,0.909090909090909,0.888888888888889,1,1,"2022-05-26","30m",3,1
"369",0.833333333333333,0.875,0.636363636363636,0.777777777777778,1,1,"2022-05-26","15-30-50m",0,6
"370",0.738095238095238,0.875,0.454545454545455,0.666666666666667,0.875,1,"2022-05-26","15-30-50m",5,2
"371",0.119047619047619,0.142857142857143,0,0.125,0.25,0.111111111111111,"2022-03-22","50m",0,4
"372",0.142857142857143,0,0.1,0,0.25,0.333333333333333,"2022-03-22","50m",2,1
"373",0.261904761904762,0.125,0.111111111111111,0.2,0.25,0.714285714285714,"2022-04-19","50m",0,4
"374",0.404761904761905,0.125,0.222222222222222,0.4,0.625,0.714285714285714,"2022-04-19","50m",3,1
"375",0.261904761904762,0,0,0.142857142857143,0.666666666666667,0.4,"2022-04-05","50m",0,4
"376",0.404761904761905,0,0.125,0.142857142857143,0.888888888888889,0.7,"2022-04-05","50m",4,2
"377",0.5,0,0.571428571428571,0.833333333333333,0.363636363636364,1,"2022-05-03","50m",0,4
"378",0.523809523809524,0.3,1,0.666666666666667,0.272727272727273,0.625,"2022-05-03","50m",3,1
"379",0.523809523809524,0.777777777777778,0.5,0.571428571428571,0.4,0.333333333333333,"2022-02-14","15m",0,4
"380",0.619047619047619,0.555555555555556,0.6,1,0.5,0.5,"2022-02-14","15m",3,1
"381",0.595238095238095,0.444444444444444,0.857142857142857,0.555555555555556,0.875,0.333333333333333,"2022-02-14","30m",0,4
"382",0.714285714285714,0.888888888888889,1,0.888888888888889,0.75,0.111111111111111,"2022-02-14","30m",3,1
"383",0.380952380952381,0.444444444444444,0.714285714285714,0.222222222222222,0.5,0.111111111111111,"2022-02-14","15-30m",0,5
"384",0.642857142857143,0.888888888888889,1,0.777777777777778,0.5,0.111111111111111,"2022-02-14","15-30m",4,2
"385",0.738095238095238,0.818181818181818,1,0.888888888888889,0.444444444444444,0.4,"2022-01-19","30m",0,4
"386",0.619047619047619,0.545454545454545,1,0.666666666666667,0.555555555555556,0.2,"2022-01-19","30m",4,2
"387",0.523809523809524,1,0.5,0.333333333333333,0.7,0.222222222222222,"2022-01-19","15m",0,4
"388",0.738095238095238,1,1,0.888888888888889,0.7,0.222222222222222,"2022-01-19","15m",4,2
"389",0.523809523809524,1,0.5,0.444444444444444,0.7,0.111111111111111,"2022-01-19","15-30m",0,5
"390",0.619047619047619,1,0.75,0.666666666666667,0.6,0.222222222222222,"2022-01-19","15-30m",6,2
"391",0.404761904761905,0.6,0.666666666666667,0.375,0.285714285714286,0,"2022-02-03","15m",0,4
"392",0.452380952380952,0.6,0.666666666666667,0.375,0.571428571428571,0,"2022-02-03","15m",3,1
"393",0.523809523809524,0.375,0.8,0.428571428571429,0.857142857142857,0.2,"2022-02-03","30m",0,4
"394",0.619047619047619,0.875,0.5,0.714285714285714,1,0.2,"2022-02-03","30m",4,2
"395",0.428571428571429,0.625,0.5,0.571428571428571,0.428571428571429,0.1,"2022-02-03","15-30m",0,5
"396",0.452380952380952,0.625,0.3,0.857142857142857,0.428571428571429,0.2,"2022-02-03","15-30m",5,2
"397",0.238095238095238,0.142857142857143,0.25,0.25,0.333333333333333,0.2,"2022-03-09","15m",0,4
"398",0.285714285714286,0.142857142857143,0.125,0.5,0.444444444444444,0.2,"2022-03-09","15m",2,1
"399",0.30952380952381,0.428571428571429,0.222222222222222,0.25,0.333333333333333,0.333333333333333,"2022-03-09","30m",0,4
"400",0.404761904761905,0.571428571428571,0.555555555555556,0.125,0.555555555555556,0.222222222222222,"2022-03-09","30m",2,1
"401",0.333333333333333,0.428571428571429,0.444444444444444,0.125,0.333333333333333,0.333333333333333,"2022-03-09","15-30m",0,5
"402",0.30952380952381,0.285714285714286,0.222222222222222,0.125,0.555555555555556,0.333333333333333,"2022-03-09","15-30m",3,1
"403",0.928571428571429,1,0.777777777777778,1,0.9,1,"2022-06-02","50m",0,4
"404",0.857142857142857,0.857142857142857,0.777777777777778,1,0.9,0.75,"2022-06-02","50m",2,1
"405",0.714285714285714,1,0.454545454545455,0.7,1,0.666666666666667,"2022-05-26","15m",0,4
"406",0.738095238095238,1,0.545454545454545,0.6,1,0.777777777777778,"2022-05-26","15m",3,1
"407",0.785714285714286,0.4,1,1,0.777777777777778,0.9,"2022-05-26","50m",0,4
"408",0.69047619047619,0.3,1,1,0.666666666666667,0.7,"2022-05-26","50m",3,1
"409",0.69047619047619,0.454545454545455,0.888888888888889,0.666666666666667,0.666666666666667,1,"2022-05-26","30m",0,4
"410",0.785714285714286,0.636363636363636,1,0.666666666666667,0.777777777777778,1,"2022-05-26","30m",3,1
"411",0.761904761904762,0.363636363636364,0.888888888888889,0.777777777777778,1,1,"2022-05-26","15-30-50m",0,6
"412",0.833333333333333,0.636363636363636,1,0.777777777777778,0.888888888888889,1,"2022-05-26","15-30-50m",5,2
"413",0.0476190476190476,0.142857142857143,0,0,0.125,0,"2022-03-22","50m",0,4
"414",0.0714285714285714,0,0.0909090909090909,0.166666666666667,0,0.1,"2022-03-22","50m",2,1
"415",0.285714285714286,0,0.142857142857143,0.111111111111111,0.4,0.75,"2022-04-19","50m",0,4
"416",0.428571428571429,0.125,0.428571428571429,0.333333333333333,0.5,0.75,"2022-04-19","50m",3,1
"417",0.166666666666667,0,0,0,0.666666666666667,0.3,"2022-04-05","50m",0,4
"418",0.285714285714286,0,0.25,0,0.666666666666667,0.6,"2022-04-05","50m",3,1
"419",0.571428571428571,0.181818181818182,0.75,0.571428571428571,0.555555555555556,1,"2022-05-03","50m",0,4
"420",0.5,0.363636363636364,0.75,0.428571428571429,0.444444444444444,0.571428571428571,"2022-05-03","50m",3,1
