"","Component","eigenvalue","percentage.of.variance","cumulative.percentage.of.variance","Date","Altitude"
"1","comp 1",10.713852843284,71.4256856218932,71.4256856218932,"2022-02-14","15m"
"2","comp 2",2.04048501237508,13.6032334158339,85.0289190377271,"2022-02-14","15m"
"3","comp 3",1.77303527701494,11.8202351800996,96.8491542178267,"2022-02-14","15m"
"4","comp 4",0.301568692843847,2.01045795229231,98.859612170119,"2022-02-14","15m"
"5","comp 5",0.108054573069777,0.720363820465184,99.5799759905842,"2022-02-14","15m"
"6","comp 6",0.0428806141463316,0.285870760975544,99.8658467515597,"2022-02-14","15m"
"7","comp 7",0.0115209157319643,0.0768061048797617,99.9426528564395,"2022-02-14","15m"
"8","comp 8",0.00552235354849576,0.0368156903233051,99.9794685467628,"2022-02-14","15m"
"9","comp 9",0.00139087259268963,0.00927248395126421,99.988741030714,"2022-02-14","15m"
"10","comp 10",0.00074909117488309,0.00499394116588727,99.9937349718799,"2022-02-14","15m"
"11","comp 11",0.000697146125061431,0.00464764083374288,99.9983826127137,"2022-02-14","15m"
"12","comp 12",0.000197175524085548,0.00131450349390365,99.9996971162076,"2022-02-14","15m"
"13","comp 13",2.99099685041273e-05,0.000199399790027515,99.9998965159976,"2022-02-14","15m"
"14","comp 14",1.08860004305188e-05,7.25733362034586e-05,99.9999690893338,"2022-02-14","15m"
"15","comp 15",4.63659992941511e-06,3.09106661961007e-05,100,"2022-02-14","15m"
"16","comp 1",10.5850577622135,70.5670517480899,70.5670517480899,"2022-02-14","30m"
"17","comp 2",2.78652531688009,18.5768354458673,89.1438871939572,"2022-02-14","30m"
"18","comp 3",0.699921393404619,4.66614262269746,93.8100298166547,"2022-02-14","30m"
"19","comp 4",0.631880623216858,4.21253748811239,98.0225673047671,"2022-02-14","30m"
"20","comp 5",0.221873365965375,1.4791557731025,99.5017230778696,"2022-02-14","30m"
"21","comp 6",0.0469405782582465,0.31293718838831,99.8146602662579,"2022-02-14","30m"
"22","comp 7",0.0133491470003223,0.0889943133354822,99.9036545795933,"2022-02-14","30m"
"23","comp 8",0.00796546661135225,0.0531031107423483,99.9567576903357,"2022-02-14","30m"
"24","comp 9",0.00345935268239484,0.0230623512159656,99.9798200415517,"2022-02-14","30m"
"25","comp 10",0.00190882771652007,0.0127255181101338,99.9925455596618,"2022-02-14","30m"
"26","comp 11",0.000814496549024267,0.00542997699349511,99.9979755366553,"2022-02-14","30m"
"27","comp 12",0.000278411593172114,0.00185607728781409,99.9998316139431,"2022-02-14","30m"
"28","comp 13",1.61364673775233e-05,0.000107576449183489,99.9999391903923,"2022-02-14","30m"
"29","comp 14",6.99520191423763e-06,4.66346794282509e-05,99.9999858250717,"2022-02-14","30m"
"30","comp 15",2.12623924323835e-06,1.41749282882557e-05,100,"2022-02-14","30m"
"31","comp 1",17.8829750262788,59.6099167542626,59.6099167542626,"2022-02-14","15-30m"
"32","comp 2",6.09404598174359,20.313486605812,79.9234033600746,"2022-02-14","15-30m"
"33","comp 3",2.78146142097899,9.27153806992998,89.1949414300045,"2022-02-14","15-30m"
"34","comp 4",1.2829365834805,4.27645527826832,93.4713967082729,"2022-02-14","15-30m"
"35","comp 5",0.730945881680563,2.43648627226854,95.9078829805414,"2022-02-14","15-30m"
"36","comp 6",0.458257011178483,1.52752337059494,97.4354063511364,"2022-02-14","15-30m"
"37","comp 7",0.269438941377471,0.898129804591569,98.3335361557279,"2022-02-14","15-30m"
"38","comp 8",0.225516638896173,0.75172212965391,99.0852582853818,"2022-02-14","15-30m"
"39","comp 9",0.0842017416923567,0.280672472307856,99.3659307576897,"2022-02-14","15-30m"
"40","comp 10",0.0702996979260152,0.234332326420051,99.6002630841097,"2022-02-14","15-30m"
"41","comp 11",0.0446131653107206,0.148710551035735,99.7489736351455,"2022-02-14","15-30m"
"42","comp 12",0.0360717365519561,0.120239121839854,99.8692127569853,"2022-02-14","15-30m"
"43","comp 13",0.0149348986835101,0.0497829956117004,99.918995752597,"2022-02-14","15-30m"
"44","comp 14",0.00833510256412669,0.0277836752137556,99.9467794278108,"2022-02-14","15-30m"
"45","comp 15",0.00579049587170106,0.0193016529056702,99.9660810807165,"2022-02-14","15-30m"
"46","comp 16",0.0033789116218191,0.011263038739397,99.9773441194559,"2022-02-14","15-30m"
"47","comp 17",0.00205440674238834,0.00684802247462779,99.9841921419305,"2022-02-14","15-30m"
"48","comp 18",0.00188135647328981,0.00627118824429936,99.9904633301748,"2022-02-14","15-30m"
"49","comp 19",0.000958484319993388,0.00319494773331129,99.9936582779081,"2022-02-14","15-30m"
"50","comp 20",0.000680246530518009,0.00226748843506003,99.9959257663431,"2022-02-14","15-30m"
"51","comp 21",0.000547645849045721,0.00182548616348574,99.9977512525066,"2022-02-14","15-30m"
"52","comp 22",0.00033484274924618,0.00111614249748727,99.9988673950041,"2022-02-14","15-30m"
"53","comp 23",0.000163026224904128,0.000543420749680427,99.9994108157538,"2022-02-14","15-30m"
"54","comp 24",0.000137476062455556,0.00045825354151852,99.9998690692953,"2022-02-14","15-30m"
"55","comp 25",1.73972838189321e-05,5.79909460631068e-05,99.9999270602414,"2022-02-14","15-30m"
"56","comp 26",7.68568309191538e-06,2.56189436397179e-05,99.999952679185,"2022-02-14","15-30m"
"57","comp 27",6.06735138906561e-06,2.02245046302187e-05,99.9999729036897,"2022-02-14","15-30m"
"58","comp 28",4.47964659234661e-06,1.4932155307822e-05,99.999987835845,"2022-02-14","15-30m"
"59","comp 29",2.71954828839974e-06,9.06516096133246e-06,99.9999969010059,"2022-02-14","15-30m"
"60","comp 30",9.29698219281065e-07,3.09899406427022e-06,100,"2022-02-14","15-30m"
"61","comp 1",6.7454779069561,44.9698527130407,44.9698527130407,"2022-01-19","30m"
"62","comp 2",3.4172503870266,22.781669246844,67.7515219598847,"2022-01-19","30m"
"63","comp 3",2.78552283107012,18.5701522071342,86.3216741670189,"2022-01-19","30m"
"64","comp 4",1.78785827332554,11.9190551555036,98.2407293225225,"2022-01-19","30m"
"65","comp 5",0.108276335472806,0.721842236485372,98.9625715590078,"2022-01-19","30m"
"66","comp 6",0.0967734469065003,0.645156312710002,99.6077278717178,"2022-01-19","30m"
"67","comp 7",0.0444194558960672,0.296129705973782,99.9038575776916,"2022-01-19","30m"
"68","comp 8",0.00978571733702317,0.0652381155801545,99.9690956932718,"2022-01-19","30m"
"69","comp 9",0.00267766852019555,0.0178511234679703,99.9869468167397,"2022-01-19","30m"
"70","comp 10",0.00122841278088302,0.00818941853922013,99.995136235279,"2022-01-19","30m"
"71","comp 11",0.000457134412693894,0.00304756275129263,99.9981837980303,"2022-01-19","30m"
"72","comp 12",0.000245733713214977,0.00163822475476651,99.999822022785,"2022-01-19","30m"
"73","comp 13",1.5548369726116e-05,0.000103655798174107,99.9999256785832,"2022-01-19","30m"
"74","comp 14",7.88229350464753e-06,5.25486233643168e-05,99.9999782272066,"2022-01-19","30m"
"75","comp 15",3.26591901440676e-06,2.17727934293784e-05,100,"2022-01-19","30m"
"76","comp 1",7.57915600411535,50.5277066941024,50.5277066941024,"2022-01-19","15m"
"77","comp 2",3.7750636028722,25.1670906858147,75.6947973799171,"2022-01-19","15m"
"78","comp 3",2.22593856883027,14.8395904588685,90.5343878387855,"2022-01-19","15m"
"79","comp 4",1.04826044890787,6.98840299271916,97.5227908315047,"2022-01-19","15m"
"80","comp 5",0.176927229147619,1.17951486098413,98.7023056924888,"2022-01-19","15m"
"81","comp 6",0.125126077861063,0.834173852407086,99.5364795448959,"2022-01-19","15m"
"82","comp 7",0.049698025607359,0.331320170715727,99.8677997156116,"2022-01-19","15m"
"83","comp 8",0.0154319244046921,0.102879496031281,99.9706792116429,"2022-01-19","15m"
"84","comp 9",0.00269748112352828,0.0179832074901886,99.9886624191331,"2022-01-19","15m"
"85","comp 10",0.00104874367791723,0.00699162451944821,99.9956540436526,"2022-01-19","15m"
"86","comp 11",0.000405712596901652,0.00270475064601102,99.9983587942986,"2022-01-19","15m"
"87","comp 12",0.000225487414893211,0.00150324943262141,99.9998620437312,"2022-01-19","15m"
"88","comp 13",1.03594846399467e-05,6.90632309329781e-05,99.9999311069621,"2022-01-19","15m"
"89","comp 14",5.54783083083426e-06,3.69855388722284e-05,99.999968092501,"2022-01-19","15m"
"90","comp 15",4.78612484937196e-06,3.19074989958131e-05,100,"2022-01-19","15m"
"91","comp 1",12.5436679376673,41.8122264588909,41.8122264588909,"2022-01-19","15-30m"
"92","comp 2",5.13562414430506,17.1187471476835,58.9309736065744,"2022-01-19","15-30m"
"93","comp 3",3.92905109644205,13.0968369881402,72.0278105947146,"2022-01-19","15-30m"
"94","comp 4",3.34938933048349,11.1646311016116,83.1924416963262,"2022-01-19","15-30m"
"95","comp 5",2.42976386336012,8.09921287786707,91.2916545741933,"2022-01-19","15-30m"
"96","comp 6",1.06877762869208,3.56259209564027,94.8542466698336,"2022-01-19","15-30m"
"97","comp 7",0.53603275434913,1.78677584783043,96.641022517664,"2022-01-19","15-30m"
"98","comp 8",0.490576731971549,1.63525577323849,98.2762782909025,"2022-01-19","15-30m"
"99","comp 9",0.171248368788498,0.570827895961659,98.8471061868642,"2022-01-19","15-30m"
"100","comp 10",0.109675273119534,0.36558424373178,99.212690430596,"2022-01-19","15-30m"
"101","comp 11",0.0787175471399734,0.262391823799911,99.4750822543959,"2022-01-19","15-30m"
"102","comp 12",0.0618238774311152,0.20607959143705,99.6811618458329,"2022-01-19","15-30m"
"103","comp 13",0.0412812251536947,0.137604083845649,99.8187659296786,"2022-01-19","15-30m"
"104","comp 14",0.0279792304140765,0.093264101380255,99.9120300310588,"2022-01-19","15-30m"
"105","comp 15",0.012655564802382,0.04218521600794,99.9542152470668,"2022-01-19","15-30m"
"106","comp 16",0.00796089421768619,0.026536314058954,99.9807515611257,"2022-01-19","15-30m"
"107","comp 17",0.0018226281040856,0.00607542701361865,99.9868269881393,"2022-01-19","15-30m"
"108","comp 18",0.00133190719453291,0.00443969064844302,99.9912666787878,"2022-01-19","15-30m"
"109","comp 19",0.00101098285053631,0.00336994283512104,99.9946366216229,"2022-01-19","15-30m"
"110","comp 20",0.000762722117339246,0.00254240705779749,99.9971790286807,"2022-01-19","15-30m"
"111","comp 21",0.000291284127373852,0.000970947091246172,99.9981499757719,"2022-01-19","15-30m"
"112","comp 22",0.000228580699686414,0.000761935665621379,99.9989119114376,"2022-01-19","15-30m"
"113","comp 23",0.000167682441038124,0.00055894147012708,99.9994708529077,"2022-01-19","15-30m"
"114","comp 24",0.00012813637415723,0.000427121247190767,99.9998979741549,"2022-01-19","15-30m"
"115","comp 25",1.04037499542911e-05,3.46791665143036e-05,99.9999326533214,"2022-01-19","15-30m"
"116","comp 26",8.23930839606173e-06,2.74643613202058e-05,99.9999601176827,"2022-01-19","15-30m"
"117","comp 27",4.25104626103876e-06,1.41701542034625e-05,99.9999742878369,"2022-01-19","15-30m"
"118","comp 28",3.61905459198627e-06,1.20635153066209e-05,99.9999863513522,"2022-01-19","15-30m"
"119","comp 29",2.7124851025223e-06,9.04161700840766e-06,99.9999953929692,"2022-01-19","15-30m"
"120","comp 30",1.38210923296207e-06,4.60703077654023e-06,100,"2022-01-19","15-30m"
"121","comp 1",8.52223961497364,56.8149307664909,56.8149307664909,"2022-02-03","15m"
"122","comp 2",3.20127934302005,21.3418622868003,78.1567930532912,"2022-02-03","15m"
"123","comp 3",2.54287463158664,16.9524975439109,95.1092905972021,"2022-02-03","15m"
"124","comp 4",0.450113427856314,3.00075618570876,98.1100467829108,"2022-02-03","15m"
"125","comp 5",0.174537239659096,1.1635815977273,99.2736283806381,"2022-02-03","15m"
"126","comp 6",0.0867056185147177,0.578037456764784,99.8516658374029,"2022-02-03","15m"
"127","comp 7",0.0128248972764952,0.0854993151766344,99.9371651525795,"2022-02-03","15m"
"128","comp 8",0.00433899722374721,0.0289266481583147,99.9660918007379,"2022-02-03","15m"
"129","comp 9",0.00236054345951002,0.0157369563967334,99.9818287571346,"2022-02-03","15m"
"130","comp 10",0.00125859179771991,0.00839061198479937,99.9902193691194,"2022-02-03","15m"
"131","comp 11",0.00111405826085576,0.00742705507237171,99.9976464241918,"2022-02-03","15m"
"132","comp 12",0.000311480338671048,0.00207653559114032,99.9997229597829,"2022-02-03","15m"
"133","comp 13",2.19023557952323e-05,0.000146015705301549,99.9998689754882,"2022-02-03","15m"
"134","comp 14",1.51043942248392e-05,0.000100695961498928,99.9999696714497,"2022-02-03","15m"
"135","comp 15",4.54928254510247e-06,3.03285503006831e-05,100,"2022-02-03","15m"
"136","comp 1",7.89888975165651,52.6592650110434,52.6592650110434,"2022-02-03","30m"
"137","comp 2",2.69047874511603,17.9365249674402,70.5957899784836,"2022-02-03","30m"
"138","comp 3",2.00066555571859,13.3377703714573,83.9335603499409,"2022-02-03","30m"
"139","comp 4",1.09901008665887,7.32673391105912,91.260294261,"2022-02-03","30m"
"140","comp 5",0.614599371073672,4.09732914049115,95.3576234014912,"2022-02-03","30m"
"141","comp 6",0.41535726756243,2.7690484504162,98.1266718519074,"2022-02-03","30m"
"142","comp 7",0.179535310692222,1.19690207128148,99.3235739231889,"2022-02-03","30m"
"143","comp 8",0.0965055335136946,0.643370223424631,99.9669441466135,"2022-02-03","30m"
"144","comp 9",0.00350402296316174,0.023360153087745,99.9903042997012,"2022-02-03","30m"
"145","comp 10",0.000666030774340971,0.00444020516227314,99.9947445048635,"2022-02-03","30m"
"146","comp 11",0.000579414205347438,0.00386276136898292,99.9986072662325,"2022-02-03","30m"
"147","comp 12",0.000192673447122492,0.00128448964748328,99.99989175588,"2022-02-03","30m"
"148","comp 13",8.82447692308884e-06,5.88298461539256e-05,99.9999505857261,"2022-02-03","30m"
"149","comp 14",5.23148460635092e-06,3.48765640423395e-05,99.9999854622902,"2022-02-03","30m"
"150","comp 15",2.18065647507115e-06,1.45377098338077e-05,100,"2022-02-03","30m"
"151","comp 1",15.2157047915135,50.7190159717118,50.7190159717118,"2022-02-03","15-30m"
"152","comp 2",4.7780775638658,15.926925212886,66.6459411845978,"2022-02-03","15-30m"
"153","comp 3",3.28706832652183,10.9568944217394,77.6028356063373,"2022-02-03","15-30m"
"154","comp 4",2.21271171132861,7.37570570442869,84.9785413107659,"2022-02-03","15-30m"
"155","comp 5",1.35469122225739,4.51563740752464,89.4941787182906,"2022-02-03","15-30m"
"156","comp 6",1.00006803439776,3.3335601146592,92.8277388329498,"2022-02-03","15-30m"
"157","comp 7",0.611951189415639,2.03983729805213,94.8675761310019,"2022-02-03","15-30m"
"158","comp 8",0.509550569085597,1.69850189695199,96.5660780279539,"2022-02-03","15-30m"
"159","comp 9",0.348830751625591,1.16276917208531,97.7288472000392,"2022-02-03","15-30m"
"160","comp 10",0.256583966416703,0.855279888055676,98.5841270880949,"2022-02-03","15-30m"
"161","comp 11",0.167821531364565,0.55940510454855,99.1435321926434,"2022-02-03","15-30m"
"162","comp 12",0.131915762377739,0.439719207925798,99.5832514005692,"2022-02-03","15-30m"
"163","comp 13",0.0801576277156621,0.26719209238554,99.8504434929548,"2022-02-03","15-30m"
"164","comp 14",0.0233016847450069,0.0776722824833565,99.9281157754381,"2022-02-03","15-30m"
"165","comp 15",0.0111773676133621,0.0372578920445403,99.9653736674827,"2022-02-03","15-30m"
"166","comp 16",0.00350242813123436,0.0116747604374479,99.9770484279201,"2022-02-03","15-30m"
"167","comp 17",0.00234844711329927,0.00782815704433092,99.9848765849645,"2022-02-03","15-30m"
"168","comp 18",0.00172807248893893,0.00576024162979643,99.9906368265942,"2022-02-03","15-30m"
"169","comp 19",0.000973496835470636,0.00324498945156879,99.9938818160458,"2022-02-03","15-30m"
"170","comp 20",0.000842986521756204,0.00280995507252068,99.9966917711183,"2022-02-03","15-30m"
"171","comp 21",0.00041748180811954,0.00139160602706514,99.9980833771454,"2022-02-03","15-30m"
"172","comp 22",0.000239371723289368,0.000797905744297892,99.9988812828897,"2022-02-03","15-30m"
"173","comp 23",0.000183088662546011,0.000610295541820036,99.9994915784315,"2022-02-03","15-30m"
"174","comp 24",0.000115895580188299,0.000386318600627665,99.9998778970321,"2022-02-03","15-30m"
"175","comp 25",1.47970124639987e-05,4.93233748799958e-05,99.999927220407,"2022-02-03","15-30m"
"176","comp 26",9.26562505459455e-06,3.08854168486485e-05,99.9999581058239,"2022-02-03","15-30m"
"177","comp 27",6.88774231642135e-06,2.29591410547378e-05,99.9999810649649,"2022-02-03","15-30m"
"178","comp 28",2.72943135076431e-06,9.0981045025477e-06,99.9999901630694,"2022-02-03","15-30m"
"179","comp 29",1.76887014986853e-06,5.89623383289511e-06,99.9999960593033,"2022-02-03","15-30m"
"180","comp 30",1.18220902107154e-06,3.94069673690513e-06,100,"2022-02-03","15-30m"
"181","comp 1",11.9744249368895,79.8294995792634,79.8294995792634,"2022-03-09","15m"
"182","comp 2",2.3813940519184,15.8759603461226,95.7054599253861,"2022-03-09","15m"
"183","comp 3",0.464788555314711,3.09859036876474,98.8040502941508,"2022-03-09","15m"
"184","comp 4",0.111222814728218,0.741485431521451,99.5455357256722,"2022-03-09","15m"
"185","comp 5",0.0475558437650442,0.317038958433628,99.8625746841059,"2022-03-09","15m"
"186","comp 6",0.00819818380835341,0.054654558722356,99.9172292428282,"2022-03-09","15m"
"187","comp 7",0.00521196863308352,0.0347464575538901,99.9519757003821,"2022-03-09","15m"
"188","comp 8",0.0034332660157047,0.022888440104698,99.9748641404868,"2022-03-09","15m"
"189","comp 9",0.00199856429150638,0.0133237619433759,99.9881879024302,"2022-03-09","15m"
"190","comp 10",0.00126707360996006,0.0084471573997337,99.9966350598299,"2022-03-09","15m"
"191","comp 11",0.00039980193111704,0.00266534620744693,99.9993004060374,"2022-03-09","15m"
"192","comp 12",6.40042477114322e-05,0.000426694984742881,99.9997271010221,"2022-03-09","15m"
"193","comp 13",3.0424542863672e-05,0.000202830285757813,99.9999299313079,"2022-03-09","15m"
"194","comp 14",8.09015153607874e-06,5.39343435738582e-05,99.9999838656514,"2022-03-09","15m"
"195","comp 15",2.4201522836851e-06,1.61343485579007e-05,100,"2022-03-09","15m"
"196","comp 1",12.4227803921618,82.8185359477452,82.8185359477452,"2022-03-09","30m"
"197","comp 2",2.01183426068092,13.4122284045395,96.2307643522847,"2022-03-09","30m"
"198","comp 3",0.391805485336809,2.61203656891206,98.8428009211967,"2022-03-09","30m"
"199","comp 4",0.132381345419365,0.882542302795767,99.7253432239925,"2022-03-09","30m"
"200","comp 5",0.0168527099774037,0.112351399849358,99.8376946238418,"2022-03-09","30m"
"201","comp 6",0.00985954802278203,0.0657303201518803,99.9034249439937,"2022-03-09","30m"
"202","comp 7",0.00657149456758809,0.0438099637839207,99.9472349077777,"2022-03-09","30m"
"203","comp 8",0.00405059240461155,0.027003949364077,99.9742388571417,"2022-03-09","30m"
"204","comp 9",0.00266969090145373,0.0177979393430249,99.9920367964848,"2022-03-09","30m"
"205","comp 10",0.000662843658349971,0.00441895772233314,99.9964557542071,"2022-03-09","30m"
"206","comp 11",0.000372355182227301,0.00248236788151534,99.9989381220886,"2022-03-09","30m"
"207","comp 12",0.000103462552624388,0.000689750350829254,99.9996278724394,"2022-03-09","30m"
"208","comp 13",3.16252942658653e-05,0.000210835295105769,99.9998387077345,"2022-03-09","30m"
"209","comp 14",2.15718190685142e-05,0.000143812127123428,99.9999825198617,"2022-03-09","30m"
"210","comp 15",2.62202075218682e-06,1.74801383479121e-05,100,"2022-03-09","30m"
"211","comp 1",24.2581520577646,80.8605068592152,80.8605068592152,"2022-03-09","15-30m"
"212","comp 2",2.78267574189248,9.27558580630825,90.1360926655235,"2022-03-09","15-30m"
"213","comp 3",1.73739393673358,5.79131312244527,95.9274057879688,"2022-03-09","15-30m"
"214","comp 4",0.591599541046548,1.97199847015516,97.8994042581239,"2022-03-09","15-30m"
"215","comp 5",0.214633232670474,0.71544410890158,98.6148483670255,"2022-03-09","15-30m"
"216","comp 6",0.201443392918314,0.671477976394379,99.2863263434199,"2022-03-09","15-30m"
"217","comp 7",0.106044880810763,0.353482936035876,99.6398092794558,"2022-03-09","15-30m"
"218","comp 8",0.0416546912244904,0.138848970748301,99.7786582502041,"2022-03-09","15-30m"
"219","comp 9",0.0207101180578692,0.069033726859564,99.8476919770636,"2022-03-09","15-30m"
"220","comp 10",0.0134181135773951,0.0447270452579836,99.8924190223216,"2022-03-09","15-30m"
"221","comp 11",0.0107779187859685,0.0359263959532285,99.9283454182748,"2022-03-09","15-30m"
"222","comp 12",0.00607360931191086,0.0202453643730362,99.9485907826479,"2022-03-09","15-30m"
"223","comp 13",0.004402189914275,0.0146739663809167,99.9632647490288,"2022-03-09","15-30m"
"224","comp 14",0.00343745301410716,0.0114581767136905,99.9747229257425,"2022-03-09","15-30m"
"225","comp 15",0.00235160674593597,0.0078386891531199,99.9825616148956,"2022-03-09","15-30m"
"226","comp 16",0.00172064526931205,0.00573548423104016,99.9882970991266,"2022-03-09","15-30m"
"227","comp 17",0.00131255392282623,0.0043751797427541,99.9926722788694,"2022-03-09","15-30m"
"228","comp 18",0.000779870474711094,0.00259956824903698,99.9952718471184,"2022-03-09","15-30m"
"229","comp 19",0.000493711051103764,0.00164570350367921,99.9969175506221,"2022-03-09","15-30m"
"230","comp 20",0.000356691857055803,0.00118897285685268,99.998106523479,"2022-03-09","15-30m"
"231","comp 21",0.000289245231817516,0.000964150772725055,99.9990706742517,"2022-03-09","15-30m"
"232","comp 22",0.000141737720697498,0.000472459068991658,99.9995431333207,"2022-03-09","15-30m"
"233","comp 23",5.38934554223933e-05,0.000179644851407978,99.9997227781721,"2022-03-09","15-30m"
"234","comp 24",2.80528851627961e-05,9.35096172093203e-05,99.9998162877893,"2022-03-09","15-30m"
"235","comp 25",2.38769620587718e-05,7.95898735292394e-05,99.9998958776628,"2022-03-09","15-30m"
"236","comp 26",1.75688340303189e-05,5.85627801010628e-05,99.9999544404429,"2022-03-09","15-30m"
"237","comp 27",6.60801616831465e-06,2.20267205610489e-05,99.9999764671635,"2022-03-09","15-30m"
"238","comp 28",4.50171617845005e-06,1.50057205948335e-05,99.9999914728841,"2022-03-09","15-30m"
"239","comp 29",1.80136534564544e-06,6.00455115215147e-06,99.9999974774352,"2022-03-09","15-30m"
"240","comp 30",7.56769431876766e-07,2.52256477292255e-06,100,"2022-03-09","15-30m"
"241","comp 1",11.3659994226499,75.7733294843329,75.7733294843329,"2022-06-02","50m"
"242","comp 2",2.31500189788002,15.4333459858668,91.2066754701997,"2022-06-02","50m"
"243","comp 3",0.624599894731064,4.1639992982071,95.3706747684068,"2022-06-02","50m"
"244","comp 4",0.475007639617079,3.16671759744719,98.537392365854,"2022-06-02","50m"
"245","comp 5",0.143112141711849,0.95408094474566,99.4914733105996,"2022-06-02","50m"
"246","comp 6",0.0281469683088499,0.187646455392333,99.679119765992,"2022-06-02","50m"
"247","comp 7",0.0205418693988539,0.136945795992359,99.8160655619843,"2022-06-02","50m"
"248","comp 8",0.0157919950116658,0.105279966744439,99.9213455287288,"2022-06-02","50m"
"249","comp 9",0.00737406966888869,0.0491604644592579,99.970505993188,"2022-06-02","50m"
"250","comp 10",0.0037906743872764,0.0252711625818427,99.9957771557699,"2022-06-02","50m"
"251","comp 11",0.000250397405819072,0.00166931603879381,99.9974464718087,"2022-06-02","50m"
"252","comp 12",0.000235665155740872,0.00157110103827248,99.9990175728469,"2022-06-02","50m"
"253","comp 13",7.7923042555641e-05,0.00051948695037094,99.9995370597973,"2022-06-02","50m"
"254","comp 14",5.71438618975158e-05,0.000380959079316772,99.9999180188766,"2022-06-02","50m"
"255","comp 15",1.22971685086048e-05,8.19811233906987e-05,100,"2022-06-02","50m"
"256","comp 1",9.65805532219632,64.3870354813089,64.3870354813089,"2022-05-26","15m"
"257","comp 2",3.44862449832213,22.9908299888142,87.3778654701231,"2022-05-26","15m"
"258","comp 3",1.37146074163287,9.14307161088583,96.520937081009,"2022-05-26","15m"
"259","comp 4",0.359149806997423,2.39433204664949,98.9152691276584,"2022-05-26","15m"
"260","comp 5",0.10022825115226,0.66818834101507,99.5834574686735,"2022-05-26","15m"
"261","comp 6",0.027807993979303,0.185386626528687,99.7688440952022,"2022-05-26","15m"
"262","comp 7",0.0208546498316613,0.139030998877742,99.9078750940799,"2022-05-26","15m"
"263","comp 8",0.0103841652695114,0.0692277684634097,99.9771028625433,"2022-05-26","15m"
"264","comp 9",0.00247315982618648,0.0164877321745766,99.9935905947179,"2022-05-26","15m"
"265","comp 10",0.000525769787632107,0.00350513191754739,99.9970957266355,"2022-05-26","15m"
"266","comp 11",0.000221845958781754,0.00147897305854503,99.998574699694,"2022-05-26","15m"
"267","comp 12",9.86665306043861e-05,0.000657776870695908,99.9992324765647,"2022-05-26","15m"
"268","comp 13",7.16496874243229e-05,0.00047766458282882,99.9997101411475,"2022-05-26","15m"
"269","comp 14",2.40469477984604e-05,0.000160312985323069,99.9998704541329,"2022-05-26","15m"
"270","comp 15",1.94318800697415e-05,0.00012954586713161,100,"2022-05-26","15m"
"271","comp 1",7.62860796947804,50.8573864631869,50.8573864631869,"2022-05-26","50m"
"272","comp 2",4.61245498990383,30.7496999326922,81.6070863958791,"2022-05-26","50m"
"273","comp 3",1.59485002221803,10.6323334814536,92.2394198773327,"2022-05-26","50m"
"274","comp 4",0.698168974828308,4.65445983218872,96.8938797095214,"2022-05-26","50m"
"275","comp 5",0.319742077592072,2.13161385061382,99.0254935601352,"2022-05-26","50m"
"276","comp 6",0.127826106590984,0.852174043939895,99.8776676040751,"2022-05-26","50m"
"277","comp 7",0.0107994443320469,0.0719962955469797,99.9496638996221,"2022-05-26","50m"
"278","comp 8",0.00604491077771271,0.0402994051847514,99.9899633048068,"2022-05-26","50m"
"279","comp 9",0.000642440734761754,0.00428293823174503,99.9942462430386,"2022-05-26","50m"
"280","comp 10",0.000485130116507576,0.00323420077671718,99.9974804438153,"2022-05-26","50m"
"281","comp 11",0.000211144691107324,0.00140763127404883,99.9988880750894,"2022-05-26","50m"
"282","comp 12",0.000110129675543183,0.000734197836954555,99.9996222729263,"2022-05-26","50m"
"283","comp 13",2.94249201067334e-05,0.000196166134044889,99.9998184390604,"2022-05-26","50m"
"284","comp 14",2.47957398715272e-05,0.000165304932476848,99.9999837439928,"2022-05-26","50m"
"285","comp 15",2.43840107503955e-06,1.62560071669304e-05,100,"2022-05-26","50m"
"286","comp 1",8.84834799816105,58.988986654407,58.988986654407,"2022-05-26","30m"
"287","comp 2",4.09667125105681,27.3111416737121,86.3001283281191,"2022-05-26","30m"
"288","comp 3",1.27502931091531,8.50019540610208,94.8003237342211,"2022-05-26","30m"
"289","comp 4",0.494943758333955,3.2996250555597,98.0999487897808,"2022-05-26","30m"
"290","comp 5",0.188290675893405,1.2552711726227,99.3552199624035,"2022-05-26","30m"
"291","comp 6",0.0583396026216125,0.388930684144084,99.7441506465476,"2022-05-26","30m"
"292","comp 7",0.0296332669969911,0.197555113313274,99.9417057598609,"2022-05-26","30m"
"293","comp 8",0.00596687564757501,0.0397791709838334,99.9814849308447,"2022-05-26","30m"
"294","comp 9",0.00140691710351885,0.00937944735679233,99.9908643782015,"2022-05-26","30m"
"295","comp 10",0.000541948250754601,0.00361298833836401,99.9944773665399,"2022-05-26","30m"
"296","comp 11",0.000358849712938762,0.00239233141959175,99.9968696979595,"2022-05-26","30m"
"297","comp 12",0.000263062497951766,0.00175374998634511,99.9986234479458,"2022-05-26","30m"
"298","comp 13",0.000152066362208665,0.00101377574805777,99.9996372236939,"2022-05-26","30m"
"299","comp 14",3.06058069673166e-05,0.000204038713115444,99.999841262407,"2022-05-26","30m"
"300","comp 15",2.3810638952104e-05,0.000158737593014027,100,"2022-05-26","30m"
"301","comp 1",24.7055191419917,54.9011536488704,54.9011536488704,"2022-05-26","15-30-50m"
"302","comp 2",9.9526076781683,22.1169059514851,77.0180596003555,"2022-05-26","15-30-50m"
"303","comp 3",4.12039498984942,9.15643331077649,86.174492911132,"2022-05-26","15-30-50m"
"304","comp 4",1.97597641276849,4.39105869504109,90.5655516061731,"2022-05-26","15-30-50m"
"305","comp 5",1.24646427935382,2.76992062078626,93.3354722269594,"2022-05-26","15-30-50m"
"306","comp 6",0.778016985498467,1.72892663444104,95.0643988614004,"2022-05-26","15-30-50m"
"307","comp 7",0.657237514652065,1.46052781033792,96.5249266717383,"2022-05-26","15-30-50m"
"308","comp 8",0.538079758013772,1.19573279558616,97.7206594673245,"2022-05-26","15-30-50m"
"309","comp 9",0.420750535306992,0.935001189571093,98.6556606568956,"2022-05-26","15-30-50m"
"310","comp 10",0.152052437373875,0.337894305275278,98.9935549621709,"2022-05-26","15-30-50m"
"311","comp 11",0.117142035878305,0.260315635285123,99.253870597456,"2022-05-26","15-30-50m"
"312","comp 12",0.0695321148904377,0.154515810867639,99.4083864083236,"2022-05-26","15-30-50m"
"313","comp 13",0.0586009484089946,0.130224329797766,99.5386107381214,"2022-05-26","15-30-50m"
"314","comp 14",0.0530777352249404,0.11795052272209,99.6565612608435,"2022-05-26","15-30-50m"
"315","comp 15",0.0339476546584692,0.0754392325743759,99.7320004934179,"2022-05-26","15-30-50m"
"316","comp 16",0.0303816009960983,0.0675146688802185,99.7995151622981,"2022-05-26","15-30-50m"
"317","comp 17",0.0230402054591685,0.0512004565759301,99.850715618874,"2022-05-26","15-30-50m"
"318","comp 18",0.0193353125881763,0.0429673613070585,99.8936829801811,"2022-05-26","15-30-50m"
"319","comp 19",0.0163876418621341,0.0364169819158537,99.9300999620969,"2022-05-26","15-30-50m"
"320","comp 20",0.0123529616239609,0.0274510258310242,99.9575509879279,"2022-05-26","15-30-50m"
"321","comp 21",0.00959591753544688,0.021324261189882,99.9788752491178,"2022-05-26","15-30-50m"
"322","comp 22",0.00297371875119495,0.00660826389154434,99.9854835130094,"2022-05-26","15-30-50m"
"323","comp 23",0.00178100515423124,0.00395778923162499,99.989441302241,"2022-05-26","15-30-50m"
"324","comp 24",0.00155225912141112,0.00344946471424693,99.9928907669552,"2022-05-26","15-30-50m"
"325","comp 25",0.00131858736874216,0.00293019415276035,99.995820961108,"2022-05-26","15-30-50m"
"326","comp 26",0.000507271693919906,0.00112727043093313,99.9969482315389,"2022-05-26","15-30-50m"
"327","comp 27",0.000391328111794228,0.000869618026209397,99.9978178495651,"2022-05-26","15-30-50m"
"328","comp 28",0.000235464887065651,0.000523255304590336,99.9983411048697,"2022-05-26","15-30-50m"
"329","comp 29",0.000193912390099565,0.000430916422443478,99.9987720212922,"2022-05-26","15-30-50m"
"330","comp 30",0.000127104887792474,0.000282455306205498,99.9990544765984,"2022-05-26","15-30-50m"
"331","comp 31",0.000122259864506393,0.000271688587791985,99.9993261651862,"2022-05-26","15-30-50m"
"332","comp 32",8.21027495696762e-05,0.00018245055459928,99.9995086157408,"2022-05-26","15-30-50m"
"333","comp 33",5.87660132123761e-05,0.000130591140471947,99.9996392068812,"2022-05-26","15-30-50m"
"334","comp 34",4.91227028059625e-05,0.000109161561791028,99.999748368443,"2022-05-26","15-30-50m"
"335","comp 35",4.039843675432e-05,8.97743038984889e-05,99.9998381427469,"2022-05-26","15-30-50m"
"336","comp 36",2.50362008749645e-05,5.56360019443656e-05,99.9998937787489,"2022-05-26","15-30-50m"
"337","comp 37",1.49714802276002e-05,3.32699560613337e-05,99.9999270487049,"2022-05-26","15-30-50m"
"338","comp 38",9.05575579165246e-06,2.01239017592277e-05,99.9999471726067,"2022-05-26","15-30-50m"
"339","comp 39",7.84810517456435e-06,1.74402337212541e-05,99.9999646128404,"2022-05-26","15-30-50m"
"340","comp 40",5.42939338817246e-06,1.20653186403832e-05,99.9999766781591,"2022-05-26","15-30-50m"
"341","comp 41",4.18228463718332e-06,9.29396586040738e-06,99.9999859721249,"2022-05-26","15-30-50m"
"342","comp 42",2.98542078456258e-06,6.63426841013908e-06,99.9999926063933,"2022-05-26","15-30-50m"
"343","comp 43",1.61304784663734e-06,3.58455077030521e-06,99.9999961909441,"2022-05-26","15-30-50m"
"344","comp 44",1.22622498829296e-06,2.72494441842881e-06,99.9999989158885,"2022-05-26","15-30-50m"
"345","comp 45",4.8785016204877e-07,1.08411147121949e-06,100,"2022-05-26","15-30-50m"
"346","comp 1",12.5604914762905,83.7366098419366,83.7366098419366,"2022-03-22","50m"
"347","comp 2",1.15782377377605,7.71882515850702,91.4554350004436,"2022-03-22","50m"
"348","comp 3",0.767482913507056,5.11655275671371,96.5719877571573,"2022-03-22","50m"
"349","comp 4",0.230682931377829,1.53788620918553,98.1098739663429,"2022-03-22","50m"
"350","comp 5",0.17287933543802,1.15252890292013,99.262402869263,"2022-03-22","50m"
"351","comp 6",0.0691062717175543,0.460708478117029,99.72311134738,"2022-03-22","50m"
"352","comp 7",0.0207798222229614,0.138532148153076,99.8616434955331,"2022-03-22","50m"
"353","comp 8",0.00967908909877713,0.0645272606585142,99.9261707561916,"2022-03-22","50m"
"354","comp 9",0.00620287668048384,0.0413525112032256,99.9675232673948,"2022-03-22","50m"
"355","comp 10",0.00312671492662857,0.0208447661775238,99.9883680335724,"2022-03-22","50m"
"356","comp 11",0.00147639347405843,0.00984262316038951,99.9982106567327,"2022-03-22","50m"
"357","comp 12",0.000154672321913298,0.00103114881275532,99.9992418055455,"2022-03-22","50m"
"358","comp 13",7.28707073104424e-05,0.00048580471540295,99.9997276102609,"2022-03-22","50m"
"359","comp 14",3.69364645138385e-05,0.000246243096758923,99.9999738533577,"2022-03-22","50m"
"360","comp 15",3.9219963487859e-06,2.61466423252393e-05,100,"2022-03-22","50m"
"361","comp 1",10.3465248697284,68.9768324648563,68.9768324648563,"2022-04-19","50m"
"362","comp 2",2.79755010593214,18.6503340395476,87.6271665044038,"2022-04-19","50m"
"363","comp 3",1.03592239984272,6.90614933228479,94.5333158366886,"2022-04-19","50m"
"364","comp 4",0.632181379008027,4.21454252672018,98.7478583634088,"2022-04-19","50m"
"365","comp 5",0.103725420075526,0.691502800503508,99.4393611639123,"2022-04-19","50m"
"366","comp 6",0.0470115989608593,0.313410659739062,99.7527718236514,"2022-04-19","50m"
"367","comp 7",0.0252653273237082,0.168435515491388,99.9212073391427,"2022-04-19","50m"
"368","comp 8",0.00462572485659647,0.0308381657106431,99.9520455048534,"2022-04-19","50m"
"369","comp 9",0.00437803991885834,0.029186932792389,99.9812324376458,"2022-04-19","50m"
"370","comp 10",0.00213287773937113,0.0142191849291408,99.9954516225749,"2022-04-19","50m"
"371","comp 11",0.000355639765652536,0.0023709317710169,99.9978225543459,"2022-04-19","50m"
"372","comp 12",0.000213001824922223,0.00142001216614815,99.9992425665121,"2022-04-19","50m"
"373","comp 13",8.40694327103666e-05,0.000560462884735777,99.9998030293968,"2022-04-19","50m"
"374","comp 14",2.12114552773652e-05,0.000141409701849101,99.9999444390987,"2022-04-19","50m"
"375","comp 15",8.33413520011294e-06,5.55609013340862e-05,100,"2022-04-19","50m"
"376","comp 1",9.84193472035309,65.6128981356873,65.6128981356873,"2022-04-05","50m"
"377","comp 2",2.34496261476103,15.6330840984069,81.2459822340942,"2022-04-05","50m"
"378","comp 3",1.40817511024051,9.38783406827005,90.6338163023642,"2022-04-05","50m"
"379","comp 4",0.847491082714193,5.64994055142796,96.2837568537922,"2022-04-05","50m"
"380","comp 5",0.282120058350668,1.88080038900446,98.1645572427966,"2022-04-05","50m"
"381","comp 6",0.157283736337808,1.04855824225205,99.2131154850487,"2022-04-05","50m"
"382","comp 7",0.0500899366814998,0.333932911209999,99.5470483962587,"2022-04-05","50m"
"383","comp 8",0.0282438683494178,0.188292455662785,99.7353408519214,"2022-04-05","50m"
"384","comp 9",0.017257800220953,0.11505200147302,99.8503928533945,"2022-04-05","50m"
"385","comp 10",0.0112356384648307,0.0749042564322046,99.9252971098267,"2022-04-05","50m"
"386","comp 11",0.00573484435376442,0.0382322956917628,99.9635294055184,"2022-04-05","50m"
"387","comp 12",0.00307857252288079,0.0205238168192052,99.9840532223376,"2022-04-05","50m"
"388","comp 13",0.00215411646702267,0.0143607764468178,99.9984139987845,"2022-04-05","50m"
"389","comp 14",0.00017707682071581,0.0011805121381054,99.9995945109226,"2022-04-05","50m"
"390","comp 15",6.08233616140734e-05,0.000405489077427156,100,"2022-04-05","50m"
"391","comp 1",8.75113758405293,58.3409172270196,58.3409172270196,"2022-05-03","50m"
"392","comp 2",4.53913542642004,30.2609028428003,88.6018200698199,"2022-05-03","50m"
"393","comp 3",0.895306466294881,5.96870977529921,94.5705298451191,"2022-05-03","50m"
"394","comp 4",0.504331797940818,3.36221198627212,97.9327418313912,"2022-05-03","50m"
"395","comp 5",0.213619065124302,1.42412710082868,99.3568689322199,"2022-05-03","50m"
"396","comp 6",0.0595267787610042,0.396845191740028,99.7537141239599,"2022-05-03","50m"
"397","comp 7",0.0253256701595762,0.168837801063841,99.9225519250238,"2022-05-03","50m"
"398","comp 8",0.00717919789030097,0.0478613192686732,99.9704132442924,"2022-05-03","50m"
"399","comp 9",0.00287699162637855,0.019179944175857,99.9895931884683,"2022-05-03","50m"
"400","comp 10",0.000756969093688239,0.00504646062458826,99.9946396490929,"2022-05-03","50m"
"401","comp 11",0.000356242835504282,0.00237495223669521,99.9970146013296,"2022-05-03","50m"
"402","comp 12",0.000237781776689793,0.00158521184459862,99.9985998131742,"2022-05-03","50m"
"403","comp 13",0.000110773701698393,0.000738491344655957,99.9993383045188,"2022-05-03","50m"
"404","comp 14",6.31146159293509e-05,0.000420764106195673,99.999759068625,"2022-05-03","50m"
"405","comp 15",3.61397062451088e-05,0.000240931374967392,100,"2022-05-03","50m"
