"","Accuracy_train","Kappa_train","AccuracySD_train","KappaSD_train","Accuracy_test","AccuracyPValue_test","Kappa_test","PC","date","alt","k","repetitions"
"1",0.5005,0.367692307692308,0.125024240073918,0.161049629756406,0.75,0.00385555499105263,0.678571428571429,0,"2022-02-14","15m",10,10
"2",0.4065,0.253498168498168,0.157738916113195,0.196966104758792,0.333333333333333,0.606925321907793,0.2,3,"2022-02-14","15m",10,10
"3",0.51,0.376515174840935,0.158078387692446,0.194905186331333,0.416666666666667,0.368479285565096,0.3,0,"2022-02-14","30m",10,10
"4",0.381333333333333,0.225612437371058,0.167091713896812,0.204700604648938,0.25,0.818877354212415,-0.00934579439252333,3,"2022-02-14","30m",10,10
"5",0.475666666666667,0.340084863365049,0.191066179825085,0.232336604300499,0.75,0.00385555499105263,0.675675675675676,0,"2022-02-14","15-30m",10,10
"6",0.406333333333333,0.251106921813818,0.191056781095814,0.239909048275332,0.333333333333333,0.606925321907793,0.19327731092437,4,"2022-02-14","15-30m",10,10
"7",0.376,0.224283882783883,0.175878746110306,0.220406275377361,0.416666666666667,0.157643675804138,0.294117647058824,0,"2022-01-19","30m",10,10
"8",0.292,0.1156336996337,0.162480768092719,0.19621143825813,0.333333333333333,0.351221382617951,0.172413793103448,4,"2022-01-19","30m",10,10
"9",0.378,0.217649591485345,0.163125339978833,0.19944283240038,0.333333333333333,0.606925321907793,0.213114754098361,0,"2022-01-19","15m",10,10
"10",0.40452380952381,0.245265898046297,0.181430692363177,0.226376880046423,0.416666666666667,0.368479285565096,0.311475409836066,4,"2022-01-19","15m",10,10
"11",0.366166666666667,0.189704560956285,0.187867933052345,0.234844219458002,0.0833333333333333,0.992292653370741,-0.0393700787401575,0,"2022-01-19","15-30m",10,10
"12",0.372357142857143,0.19942735042735,0.19506347703345,0.239044297320926,0.166666666666667,0.946048573595187,0.0476190476190476,6,"2022-01-19","15-30m",10,10
"13",0.486833333333333,0.356236263736264,0.148492140616653,0.184719728589227,0.5,0.0544022321701049,0.379310344827586,0,"2022-02-03","15m",10,10
"14",0.4055,0.261575091575092,0.167104727338845,0.200426164517996,0.416666666666667,0.157643675804138,0.263157894736842,3,"2022-02-03","15m",10,10
"15",0.417833333333333,0.272903376921526,0.172478710929511,0.211278096987715,0.583333333333333,0.0664476395310109,0.41747572815534,0,"2022-02-03","30m",10,10
"16",0.300666666666667,0.119273324714501,0.163726935901955,0.203384403234133,0.416666666666667,0.368479285565096,0.305785123966942,4,"2022-02-03","30m",10,10
"17",0.437333333333333,0.296456780767126,0.147769043563563,0.187244457465098,0.666666666666667,0.0187584322624713,0.582608695652174,0,"2022-02-03","15-30m",10,10
"18",0.405166666666667,0.253766854667904,0.175005130596589,0.217196726534538,0.333333333333333,0.606925321907793,0.186440677966102,6,"2022-02-03","15-30m",10,10
"19",0.563,0.451190476190476,0.124644950304309,0.149453871935323,0.5,0.0544022321701049,0.4,0,"2022-03-09","15m",10,10
"20",0.5925,0.486666666666667,0.114012005393017,0.141995558015284,0.5,0.0544022321701049,0.4,2,"2022-03-09","15m",10,10
"21",0.615,0.509382835958154,0.151229528764624,0.189944159143038,0.5,0.177722456490937,0.368421052631579,0,"2022-03-09","30m",10,10
"22",0.680666666666667,0.589492931566968,0.136776255643091,0.173209896424968,0.5,0.177722456490937,0.368421052631579,2,"2022-03-09","30m",10,10
"23",0.536,0.404208703534464,0.127804564605521,0.154077124527246,0.666666666666667,0.0187584322624713,0.563636363636364,0,"2022-03-09","15-30m",10,10
"24",0.563333333333333,0.44313263362025,0.129251492728769,0.154511466157579,0.666666666666667,0.0187584322624713,0.563636363636364,3,"2022-03-09","15-30m",10,10
"25",0.1965,0.000251935296088208,0.155885202660579,0.185962337232082,0.166666666666667,0.841618239879608,-0.0526315789473684,0,"2022-06-02","50m",10,10
"26",0.201833333333333,0.00113316381138522,0.155210566216736,0.179295413912874,0.25,0.609324991703033,0.0847457627118644,2,"2022-06-02","50m",10,10
"27",0.284595238095238,0.0730508101046907,0.18518704372736,0.223656514356703,0,1,-0.00699300699300699,0,"2022-05-26","15m",10,10
"28",0.236761904761905,0.0485748988861511,0.168875055037807,0.211050032084367,0.25,0.93286694602593,0.0526315789473684,3,"2022-05-26","15m",10,10
"29",0.367666666666667,0.203208351396181,0.207001737713445,0.254742367044671,0.25,0.609324991703033,0.136,0,"2022-05-26","50m",10,10
"30",0.166666666666667,-0.0286899299530879,0.135130979400413,0.156665011521916,0.0833333333333333,0.968323647975922,-0.0731707317073171,3,"2022-05-26","50m",10,10
"31",0.148761904761905,-0.0524074164862907,0.14388617676878,0.171192198613599,0.416666666666667,0.368479285565096,0.2,0,"2022-05-26","30m",10,10
"32",0.210785714285714,0.00196607863681033,0.151455014692569,0.196950518663737,0.25,0.818877354212415,0.0181818181818182,3,"2022-05-26","30m",10,10
"33",0.336761904761905,0.172282051282051,0.169408262473816,0.206247342250073,0.333333333333333,0.606925321907793,0.157894736842105,0,"2022-05-26","15-30-50m",10,10
"34",0.240666666666667,0.0265274806388824,0.173177863454231,0.223987783892965,0.166666666666667,0.946048573595187,0.0625,5,"2022-05-26","15-30-50m",10,10
"35",0.627333333333333,0.52446059497837,0.114946920849558,0.13892655256196,0.416666666666667,0.368479285565096,0.288135593220339,0,"2022-03-22","50m",10,10
"36",0.629,0.526715142709324,0.0977760559995329,0.117331342280766,0.416666666666667,0.368479285565096,0.3,3,"2022-03-22","50m",10,10
"37",0.690666666666667,0.610286292654714,0.124052412803357,0.153843233766468,0.583333333333333,0.0664476395310109,0.487179487179487,0,"2022-04-19","50m",10,10
"38",0.511166666666667,0.380835195858789,0.121000667833536,0.147680870499031,0.333333333333333,0.606925321907793,0.2,3,"2022-04-19","50m",10,10
"39",0.472166666666667,0.337021687729492,0.144270583011002,0.175797033782648,0.666666666666667,0.00278151035308838,0.567567567567568,0,"2022-04-05","50m",10,10
"40",0.499166666666667,0.366431528579602,0.125894665856555,0.15395754030395,0.5,0.0544022321701049,0.368421052631579,4,"2022-04-05","50m",10,10
"41",0.422,0.266420792254731,0.205860816197115,0.276561984617477,0.5,0.177722456490937,0.36283185840708,0,"2022-05-03","50m",10,10
"42",0.228833333333333,0.0266360291755029,0.172504737324953,0.223543430319196,0.166666666666667,0.946048573595187,0.024390243902439,3,"2022-05-03","50m",10,10
"43",0.67447619047619,0.584168409764203,0.183999458251249,0.229945351862164,0.25,0.93286694602593,0.0357142857142857,0,"2022-02-14","15m",10,10
"44",0.466785714285714,0.336694440619044,0.145221485972598,0.15673267587219,0.416666666666667,0.608374246704568,0.176470588235294,3,"2022-02-14","15m",10,10
"45",0.567,0.453333333333333,0.123546090037833,0.152752523165195,0.5,0.177722456490937,0.379310344827586,0,"2022-02-14","30m",10,10
"46",0.3055,0.127824175824176,0.143705471803486,0.181237030537553,0.333333333333333,0.606925321907793,0.2,2,"2022-02-14","30m",10,10
"47",0.559,0.444230769230769,0.158334130779491,0.197593127033144,0.75,0.00385555499105263,0.684210526315789,0,"2022-02-14","15-30m",10,10
"48",0.3925,0.234249084249084,0.139692121785335,0.176604167857905,0.5,0.177722456490937,0.345454545454545,4,"2022-02-14","15-30m",10,10
"49",0.378333333333333,0.215488133854687,0.198556801926981,0.239700931760122,0.416666666666667,0.368479285565096,0.317073170731707,0,"2022-01-19","30m",10,10
"50",0.241190476190476,0.0660863846298629,0.159612088170992,0.199874730269592,0.416666666666667,0.368479285565096,0.222222222222222,4,"2022-01-19","30m",10,10
"51",0.354,0.188379120879121,0.177052180860544,0.226546893525147,0.583333333333333,0.014252781867981,0.478260869565217,0,"2022-01-19","15m",10,10
"52",0.307,0.132531135531136,0.177954142316712,0.221070948090382,0.5,0.0544022321701049,0.389830508474576,4,"2022-01-19","15m",10,10
"53",0.433833333333333,0.289038461538462,0.171224791700645,0.215063661085935,0.25,0.609324991703033,0.0847457627118644,0,"2022-01-19","15-30m",10,10
"54",0.314,0.136838827838828,0.191627795794901,0.250909579692814,0.333333333333333,0.351221382617951,0.157894736842105,6,"2022-01-19","15-30m",10,10
"55",0.529404761904762,0.403072500596693,0.193518091108186,0.2362894480104,0.333333333333333,0.808403992861572,0.186440677966102,0,"2022-02-03","15m",10,10
"56",0.514428571428571,0.386559251111509,0.173158400063072,0.211989532907254,0.166666666666667,0.985141386354961,-0.0344827586206896,3,"2022-02-03","15m",10,10
"57",0.38,0.228860805860806,0.121439181269781,0.147067520537294,0.333333333333333,0.606925321907793,0.2,0,"2022-02-03","30m",10,10
"58",0.337,0.171822344322344,0.164012194668567,0.206690039005215,0.166666666666667,0.946048573595187,0,4,"2022-02-03","30m",10,10
"59",0.5345,0.414679487179487,0.144021427979213,0.181079661208279,0.75,0.00385555499105263,0.678571428571429,0,"2022-02-03","15-30m",10,10
"60",0.4625,0.324688644688645,0.145708821304891,0.180809464300703,0.333333333333333,0.606925321907793,0.142857142857143,6,"2022-02-03","15-30m",10,10
"61",0.547,0.426666666666667,0.111875652472563,0.141778031094419,0.666666666666667,0.00278151035308838,0.593220338983051,0,"2022-03-09","15m",10,10
"62",0.562,0.450448717948718,0.0961690430881209,0.117522621311388,0.5,0.0544022321701049,0.4,2,"2022-03-09","15m",10,10
"63",0.523166666666667,0.40231684981685,0.131487539576848,0.155978808862867,0.583333333333333,0.014252781867981,0.473684210526316,0,"2022-03-09","30m",10,10
"64",0.573666666666667,0.461941391941392,0.0896175938714778,0.109658022574693,0.583333333333333,0.014252781867981,0.487179487179487,2,"2022-03-09","30m",10,10
"65",0.554166666666667,0.437774725274725,0.105738146170413,0.128535283559661,0.5,0.0544022321701049,0.379310344827586,0,"2022-03-09","15-30m",10,10
"66",0.745,0.680750915750916,0.138989862285642,0.173605435924216,0.583333333333333,0.014252781867981,0.482758620689655,3,"2022-03-09","15-30m",10,10
"67",0.351690476190476,0.151348318154569,0.148787172924646,0.184197043218599,0,1,-0.0434782608695652,0,"2022-06-02","50m",10,10
"68",0.273142857142857,0.0469689886028041,0.200733064110267,0.258694673238387,0.0833333333333333,0.998447607529623,0.0434782608695652,2,"2022-06-02","50m",10,10
"69",0.348261904761905,0.169129814061009,0.196799460365789,0.243546741709067,0.0833333333333333,0.998447607529623,-0.0909090909090909,0,"2022-05-26","15m",10,10
"70",0.344666666666667,0.168488821523304,0.177538981034466,0.223801856906132,0.166666666666667,0.985141386354961,0.024390243902439,3,"2022-05-26","15m",10,10
"71",0.367214285714286,0.19749367319101,0.218767428292712,0.289429803960415,0.416666666666667,0.608374246704568,0.263157894736842,0,"2022-05-26","50m",10,10
"72",0.220095238095238,-0.00361429127583792,0.139245808140257,0.18939257601817,0.25,0.93286694602593,0.114754098360656,3,"2022-05-26","50m",10,10
"73",0.192333333333333,-0.0245107995452823,0.156766928301868,0.201411377389356,0.166666666666667,0.946048573595187,0.0476190476190476,0,"2022-05-26","30m",10,10
"74",0.209666666666667,0.00544089581817775,0.168627855158493,0.210769582092802,0.333333333333333,0.606925321907793,0.244094488188976,3,"2022-05-26","30m",10,10
"75",0.35,0.17998265779391,0.199831578917497,0.247657193483877,0.416666666666667,0.368479285565096,0.282051282051282,0,"2022-05-26","15-30-50m",10,10
"76",0.277833333333333,0.0871002442002442,0.202939329585728,0.25175800509831,0.333333333333333,0.606925321907793,0.219512195121951,5,"2022-05-26","15-30-50m",10,10
"77",0.776738095238095,0.71223616760777,0.159579565324665,0.202198096109095,0.583333333333333,0.189264302375606,0.491525423728814,0,"2022-03-22","50m",10,10
"78",0.832214285714286,0.781883933060404,0.115293603138933,0.155658457453502,0.5,0.379768822525134,0.4,2,"2022-03-22","50m",10,10
"79",0.786047619047619,0.726483189927281,0.177936507936508,0.229275865495974,0.416666666666667,0.80615234375,0.32258064516129,0,"2022-04-19","50m",10,10
"80",0.606166666666667,0.496986299680652,0.173442321989874,0.221258297534431,0.25,0.980712890625,0,3,"2022-04-19","50m",10,10
"81",0.62,0.520833333333333,0.0784959627090219,0.091267880648996,0.5,0.0544022321701049,0.4,0,"2022-04-05","50m",10,10
"82",0.585333333333333,0.480357142857143,0.105868223788259,0.121997776995283,0.5,0.0544022321701049,0.4,4,"2022-04-05","50m",10,10
"83",0.3985,0.241322653450603,0.189394673399251,0.23911955855251,0.333333333333333,0.351221382617951,0.19327731092437,0,"2022-05-03","50m",10,10
"84",0.362833333333333,0.195758966381471,0.164597509298713,0.204366036815375,0.166666666666667,0.841618239879608,-0.0619469026548672,3,"2022-05-03","50m",10,10
"85",0.564166666666667,0.439172695743102,0.125604598448923,0.154564016926227,0.5,0.379768822525134,0.373913043478261,0,"2022-02-14","15m",10,10
"86",0.610142857142857,0.50728376461861,0.173964666176758,0.215528033641037,0.5,0.379768822525134,0.373913043478261,3,"2022-02-14","15m",10,10
"87",0.495,0.364729914907933,0.150168255801634,0.183505335281222,0.25,0.818877354212415,0.107438016528926,0,"2022-02-14","30m",10,10
"88",0.426,0.273764665286404,0.193892723761676,0.247171769472157,0.166666666666667,0.946048573595187,-0.00840336134453782,3,"2022-02-14","30m",10,10
"89",0.751833333333333,0.684209222150399,0.134023780492022,0.173553067520787,0.416666666666667,0.368479285565096,0.275862068965517,0,"2022-02-14","15-30m",10,10
"90",0.524,0.402232074438971,0.18884907482954,0.234854279822747,0.333333333333333,0.606925321907793,0.2,4,"2022-02-14","15-30m",10,10
"91",0.490785714285714,0.349399245980168,0.190241755381764,0.229810069545342,0.0833333333333333,0.999755859375,-0.0476190476190476,0,"2022-01-19","30m",10,10
"92",0.359,0.169600477731229,0.191687341103357,0.246208928444315,0.333333333333333,0.927001953125,0.25,4,"2022-01-19","30m",10,10
"93",0.473333333333333,0.323336201578216,0.17818765880622,0.222796817486616,0.5,0.379768822525134,0.389830508474576,0,"2022-01-19","15m",10,10
"94",0.473380952380952,0.338696576246192,0.193245080405179,0.22990190193417,0.416666666666667,0.608374246704568,0.256637168141593,4,"2022-01-19","15m",10,10
"95",0.401785714285714,0.242493516505676,0.20607217917812,0.249746037471018,0.333333333333333,0.808403992861572,0.186440677966102,0,"2022-01-19","15-30m",10,10
"96",0.487666666666667,0.341818165420573,0.193259303137412,0.240886902028176,0.166666666666667,0.985141386354961,0.0769230769230769,6,"2022-01-19","15-30m",10,10
"97",0.486,0.355723479135244,0.152894262296929,0.183723240452501,0.416666666666667,0.368479285565096,0.243243243243243,0,"2022-02-03","15m",10,10
"98",0.488166666666667,0.359265824818456,0.170548974965999,0.211505696159465,0.5,0.177722456490937,0.36283185840708,3,"2022-02-03","15m",10,10
"99",0.545833333333333,0.420495795757485,0.157622896665779,0.19480369146826,0.25,0.818877354212415,0.1,0,"2022-02-03","30m",10,10
"100",0.37,0.222252270717788,0.16085838764398,0.194296425716031,0.0833333333333333,0.992292653370741,-0.0645161290322581,4,"2022-02-03","30m",10,10
"101",0.541333333333333,0.413315392605923,0.144414915396579,0.183187557321928,0.583333333333333,0.0664476395310109,0.473684210526316,0,"2022-02-03","15-30m",10,10
"102",0.522833333333333,0.393143839926962,0.190760998891524,0.241762781605667,0.333333333333333,0.606925321907793,0.186440677966102,6,"2022-02-03","15-30m",10,10
"103",0.582833333333333,0.468330208929654,0.104324425992123,0.126659139973368,0.333333333333333,0.606925321907793,0.2,0,"2022-03-09","15m",10,10
"104",0.564,0.44660637983687,0.122728230482871,0.147336702606343,0.666666666666667,0.0187584322624713,0.567567567567568,2,"2022-03-09","15m",10,10
"105",0.484666666666667,0.355082417582418,0.118721207153812,0.144221903044629,0.583333333333333,0.0664476395310109,0.469026548672566,0,"2022-03-09","30m",10,10
"106",0.552666666666667,0.437565934065934,0.0785931288994988,0.104300577815904,0.666666666666667,0.0187584322624713,0.563636363636364,2,"2022-03-09","30m",10,10
"107",0.443666666666667,0.313208291708292,0.122331906706422,0.137415902242919,0.666666666666667,0.0187584322624713,0.547169811320755,0,"2022-03-09","15-30m",10,10
"108",0.541333333333333,0.42432967032967,0.114137570329486,0.133308950010722,0.5,0.177722456490937,0.379310344827586,3,"2022-03-09","15-30m",10,10
"109",0.331166666666667,0.160469383913123,0.136507976358261,0.172885827498566,0.0833333333333333,0.968323647975922,-0.0909090909090909,0,"2022-06-02","50m",10,10
"110",0.212666666666667,0.0152435897435897,0.152128925180398,0.190024774276918,0.166666666666667,0.841618239879608,-3.33066907387547e-17,2,"2022-06-02","50m",10,10
"111",0.3275,0.15467032967033,0.152502046866726,0.18790077389058,0.166666666666667,0.841618239879608,-0.0344827586206896,0,"2022-05-26","15m",10,10
"112",0.147833333333333,-0.0659551282051282,0.142067762558045,0.17877857592082,0.333333333333333,0.351221382617951,0.172413793103448,3,"2022-05-26","15m",10,10
"113",0.330666666666667,0.163242723273991,0.152434784863441,0.187201440110995,0.25,0.609324991703033,0.129032258064516,0,"2022-05-26","50m",10,10
"114",0.3405,0.177045647388447,0.186139452086052,0.227779082312875,0.166666666666667,0.841618239879608,0.00826446280991736,3,"2022-05-26","50m",10,10
"115",0.170833333333333,-0.0340298829522968,0.169444444444444,0.206949268048472,0.166666666666667,0.841618239879608,-0.0909090909090909,0,"2022-05-26","30m",10,10
"116",0.154666666666667,-0.0563543927337031,0.131875021608926,0.166321889459934,0.0833333333333333,0.968323647975922,-0.189189189189189,2,"2022-05-26","30m",10,10
"117",0.307333333333333,0.131994210770073,0.16074182686719,0.199677962493436,0.166666666666667,0.841618239879608,-0.0344827586206897,0,"2022-05-26","15-30-50m",10,10
"118",0.207166666666667,0.00670754424652475,0.143884988832134,0.18278161547081,0.25,0.609324991703033,0.0608695652173913,5,"2022-05-26","15-30-50m",10,10
"119",0.7855,0.727673350041771,0.104544734785011,0.132373708969669,0.666666666666667,0.0187584322624713,0.582608695652174,0,"2022-03-22","50m",10,10
"120",0.788833333333333,0.730981116584565,0.0957882707697528,0.123633444971,0.583333333333333,0.0664476395310109,0.487179487179487,3,"2022-03-22","50m",10,10
"121",0.621833333333333,0.518062816854249,0.148140267046265,0.18480780220637,0.75,0.00385555499105263,0.660377358490566,0,"2022-04-19","50m",10,10
"122",0.402333333333333,0.244152328534543,0.164821775663546,0.202194856274761,0.416666666666667,0.368479285565096,0.288135593220339,3,"2022-04-19","50m",10,10
"123",0.5545,0.439313186813187,0.103741861065694,0.128664681162642,0.583333333333333,0.014252781867981,0.487179487179487,0,"2022-04-05","50m",10,10
"124",0.569166666666667,0.456227106227106,0.0964980242640681,0.119933956977033,0.583333333333333,0.014252781867981,0.487179487179487,3,"2022-04-05","50m",10,10
"125",0.381880952380952,0.228902365392526,0.162910991592519,0.192664620195472,0.5,0.379768822525134,0.287128712871287,0,"2022-05-03","50m",10,10
"126",0.342619047619048,0.175362241025762,0.195413259214461,0.238409078893782,0.333333333333333,0.808403992861572,0.225806451612903,3,"2022-05-03","50m",10,10
"127",0.495547619047619,0.347964386799126,0.173465945906521,0.218220680118053,0.333333333333333,0.606925321907793,0.25,0,"2022-02-14","15m",10,10
"128",0.324738095238095,0.138013549824295,0.123828898750409,0.148685827127726,0.5,0.177722456490937,0.339449541284404,3,"2022-02-14","15m",10,10
"129",0.52747619047619,0.400935376003797,0.138185363103865,0.166913832149183,0.416666666666667,0.368479285565096,0.333333333333333,0,"2022-02-14","30m",10,10
"130",0.445452380952381,0.295898065233818,0.16376435911875,0.202007689611433,0.166666666666667,0.946048573595187,0.0625,3,"2022-02-14","30m",10,10
"131",0.596333333333333,0.49164460274314,0.198628575201667,0.241183802786632,0.583333333333333,0.0664476395310109,0.491525423728814,0,"2022-02-14","15-30m",10,10
"132",0.562952380952381,0.443000609392624,0.149894150181828,0.190588613602479,0.25,0.818877354212415,0.121951219512195,4,"2022-02-14","15-30m",10,10
"133",0.374166666666667,0.213931097637994,0.159040596501579,0.199410472127374,0.333333333333333,0.606925321907793,0.119266055045872,0,"2022-01-19","30m",10,10
"134",0.3205,0.138140151661204,0.111586231646892,0.144767200618097,0.0833333333333333,0.992292653370741,-0.157894736842105,4,"2022-01-19","30m",10,10
"135",0.418,0.266084101168039,0.165020149774656,0.200731942390922,0.5,0.0544022321701049,0.368421052631579,0,"2022-01-19","15m",10,10
"136",0.468666666666667,0.333267414225218,0.190534719242485,0.230075536547725,0.583333333333333,0.014252781867981,0.45945945945946,4,"2022-01-19","15m",10,10
"137",0.414333333333333,0.269731420004284,0.193221551337408,0.234714631373583,0.25,0.609324991703033,0.0442477876106195,0,"2022-01-19","15-30m",10,10
"138",0.374833333333333,0.218853185129047,0.179247319565086,0.216001083760821,0.166666666666667,0.841618239879608,-0.0169491525423729,6,"2022-01-19","15-30m",10,10
"139",0.485880952380952,0.352439724310777,0.159664370242249,0.195744333008064,0.333333333333333,0.606925321907793,0.111111111111111,0,"2022-02-03","15m",10,10
"140",0.525333333333333,0.402812140440287,0.139009644474815,0.170523033878824,0.333333333333333,0.606925321907793,0.135135135135135,3,"2022-02-03","15m",10,10
"141",0.400666666666667,0.238793906738553,0.143272636118631,0.180773569853352,0.5,0.177722456490937,0.36283185840708,0,"2022-02-03","30m",10,10
"142",0.2915,0.105911835291146,0.141669043354989,0.176161498894503,0.416666666666667,0.368479285565096,0.263157894736842,4,"2022-02-03","30m",10,10
"143",0.545166666666667,0.426714980421877,0.173064006635745,0.212930091742919,0.333333333333333,0.606925321907793,0.206611570247934,0,"2022-02-03","15-30m",10,10
"144",0.490833333333333,0.361473135757165,0.148588098850782,0.181756826668651,0.416666666666667,0.368479285565096,0.282051282051282,6,"2022-02-03","15-30m",10,10
"145",0.529666666666667,0.408525641025641,0.115896447451967,0.145475734251929,0.416666666666667,0.157643675804138,0.3,0,"2022-03-09","15m",10,10
"146",0.546666666666667,0.429679487179487,0.100252207210141,0.123396128275564,0.5,0.0544022321701049,0.4,3,"2022-03-09","15m",10,10
"147",0.548333333333333,0.425497557997558,0.136154909465258,0.165456788151018,0.5,0.379768822525134,0.433070866141732,0,"2022-03-09","30m",10,10
"148",0.589833333333333,0.477395572263993,0.131402155137805,0.160399955519751,0.5,0.379768822525134,0.428571428571429,2,"2022-03-09","30m",10,10
"149",0.573833333333333,0.457008547008547,0.126713950947631,0.154135841492177,0.25,0.93286694602593,0.149606299212598,0,"2022-03-09","15-30m",10,10
"150",0.5905,0.478033661740558,0.121329499143918,0.147843770179336,0.5,0.379768822525134,0.428571428571429,3,"2022-03-09","15-30m",10,10
"151",0.286857142857143,0.0797019617261023,0.170334639640645,0.212809412401714,0.0833333333333333,0.998447607529623,-0.0393700787401575,0,"2022-06-02","50m",10,10
"152",0.178595238095238,-0.024494279583485,0.154740071349972,0.190045716216418,0.0833333333333333,0.998447607529623,0.00751879699248121,2,"2022-06-02","50m",10,10
"153",0.419642857142857,0.254699482594762,0.181155228889816,0.219870205010864,0.0833333333333333,0.998447607529623,-0.0393700787401575,0,"2022-05-26","15m",10,10
"154",0.165,-0.0431843647732152,0.13822061449583,0.173902289372628,0.166666666666667,0.985141386354961,0.04,3,"2022-05-26","15m",10,10
"155",0.246,0.0624652014652015,0.155160392738442,0.189749303627556,0.25,0.609324991703033,0.0608695652173913,0,"2022-05-26","50m",10,10
"156",0.3225,0.147472527472527,0.183866305183463,0.230724478408949,0.166666666666667,0.841618239879608,-3.33066907387547e-17,3,"2022-05-26","50m",10,10
"157",0.186333333333333,-0.016674192665572,0.177135519147513,0.215177793241342,0.166666666666667,0.946048573595187,-0.0256410256410257,0,"2022-05-26","30m",10,10
"158",0.2445,0.0542349294540405,0.152293631411002,0.193574017341088,0.333333333333333,0.606925321907793,0.157894736842105,3,"2022-05-26","30m",10,10
"159",0.334333333333333,0.160786324786325,0.164136006126917,0.199042509586059,0.5,0.177722456490937,0.327102803738318,0,"2022-05-26","15-30-50m",10,10
"160",0.219666666666667,0.022108509004607,0.185869811913932,0.235956445802947,0.333333333333333,0.606925321907793,0.19327731092437,5,"2022-05-26","15-30-50m",10,10
"161",0.5565,0.425446635064282,0.126860895742884,0.160067621885131,0.666666666666667,0.0187584322624713,0.567567567567568,0,"2022-03-22","50m",10,10
"162",0.603,0.483581699346405,0.0820055841081315,0.104248838083715,0.666666666666667,0.0187584322624713,0.567567567567568,2,"2022-03-22","50m",10,10
"163",0.764333333333333,0.698813833225598,0.124316763503524,0.157991897265026,0.583333333333333,0.014252781867981,0.482758620689655,0,"2022-04-19","50m",10,10
"164",0.406666666666667,0.256336105934887,0.141916495894447,0.165486241445985,0.5,0.0544022321701049,0.373913043478261,3,"2022-04-19","50m",10,10
"165",0.644333333333333,0.54733660130719,0.0754790164907788,0.0868513975402957,0.416666666666667,0.368479285565096,0.311475409836066,0,"2022-04-05","50m",10,10
"166",0.625333333333333,0.527609469074986,0.124033412101823,0.145082911499194,0.416666666666667,0.368479285565096,0.305785123966942,4,"2022-04-05","50m",10,10
"167",0.3155,0.138981684981685,0.168229290779264,0.208752917901426,0.25,0.818877354212415,0.0608695652173913,0,"2022-05-03","50m",10,10
"168",0.276,0.0969165298303229,0.157710897761465,0.187367087626143,0.5,0.177722456490937,0.339449541284404,3,"2022-05-03","50m",10,10
"169",0.479166666666667,0.328077789359224,0.165467885223494,0.205150371089243,0.25,0.818877354212415,0.181818181818182,0,"2022-02-14","15m",10,10
"170",0.447071428571429,0.305593240925325,0.160373832830269,0.185947201304507,0.583333333333333,0.0664476395310109,0.439252336448598,3,"2022-02-14","15m",10,10
"171",0.4505,0.31011628722155,0.125829570483574,0.152242056653696,0.5,0.0544022321701049,0.373913043478261,0,"2022-02-14","30m",10,10
"172",0.284166666666667,0.0988240336694964,0.164572278322833,0.206544530573052,0.416666666666667,0.157643675804138,0.282051282051282,3,"2022-02-14","30m",10,10
"173",0.5695,0.455750778295403,0.167456964671031,0.210720778328264,0.416666666666667,0.157643675804138,0.263157894736842,0,"2022-02-14","15-30m",10,10
"174",0.591666666666667,0.487145077145077,0.16588199123725,0.204459976028089,0.333333333333333,0.351221382617951,0.157894736842105,4,"2022-02-14","15-30m",10,10
"175",0.2915,0.112267676767677,0.143772621798798,0.188170646233428,0.333333333333333,0.606925321907793,0.19327731092437,0,"2022-01-19","30m",10,10
"176",0.291,0.101147404319818,0.139230287479914,0.178784359645376,0.416666666666667,0.368479285565096,0.317073170731707,4,"2022-01-19","30m",10,10
"177",0.328333333333333,0.148268023970383,0.169065232232175,0.214598281123896,0.333333333333333,0.808403992861572,0.238095238095238,0,"2022-01-19","15m",10,10
"178",0.363666666666667,0.196274343019352,0.164776827612591,0.200811887820361,0.333333333333333,0.808403992861572,0.0857142857142857,4,"2022-01-19","15m",10,10
"179",0.462833333333333,0.317363533978565,0.179581365656723,0.220689438560212,0.166666666666667,0.985141386354961,0.0625,0,"2022-01-19","15-30m",10,10
"180",0.35152380952381,0.185186016544456,0.141867471397305,0.165093128489038,0.166666666666667,0.985141386354961,0.032258064516129,5,"2022-01-19","15-30m",10,10
"181",0.542166666666667,0.426226245976246,0.182412056205609,0.217399589100191,0.5,0.177722456490937,0.424,0,"2022-02-03","15m",10,10
"182",0.450166666666667,0.308072920640293,0.192209303588778,0.228421185896748,0.5,0.177722456490937,0.40495867768595,3,"2022-02-03","15m",10,10
"183",0.526166666666667,0.404097743252916,0.154746362115894,0.186509887784987,0.416666666666667,0.368479285565096,0.275862068965517,0,"2022-02-03","30m",10,10
"184",0.346333333333333,0.181899684102951,0.164251524838879,0.20479386198138,0.333333333333333,0.606925321907793,0.19327731092437,4,"2022-02-03","30m",10,10
"185",0.505833333333333,0.375940010282115,0.140113289900473,0.172687644821409,0.666666666666667,0.0187584322624713,0.593220338983051,0,"2022-02-03","15-30m",10,10
"186",0.373333333333333,0.227092827116421,0.187082869338697,0.221072850785504,0.416666666666667,0.368479285565096,0.243243243243243,6,"2022-02-03","15-30m",10,10
"187",0.596833333333333,0.488579103310127,0.115195023235497,0.133196653735342,0.25,0.818877354212415,0.1,0,"2022-03-09","15m",10,10
"188",0.603904761904762,0.492061006652285,0.122902251675338,0.152632565857929,0.416666666666667,0.368479285565096,0.311475409836066,2,"2022-03-09","15m",10,10
"189",0.5335,0.406440422322775,0.140115692937684,0.168643818831592,0.5,0.379768822525134,0.4,0,"2022-03-09","30m",10,10
"190",0.609,0.501176470588235,0.112526839297519,0.13477705188437,0.5,0.379768822525134,0.409836065573771,2,"2022-03-09","30m",10,10
"191",0.5185,0.385135746606335,0.147079595482879,0.180122516846714,0.416666666666667,0.608374246704568,0.317073170731707,0,"2022-03-09","15-30m",10,10
"192",0.5855,0.471041807527609,0.129026724452323,0.157924243131112,0.5,0.379768822525134,0.409836065573771,3,"2022-03-09","15-30m",10,10
"193",0.20902380952381,0.0129290141699397,0.146298651483582,0.182913298110012,0.25,0.818877354212415,0.107438016528926,0,"2022-06-02","50m",10,10
"194",0.144761904761905,-0.0671927318168737,0.132693182578152,0.164403897606354,0,1,-0.125,2,"2022-06-02","50m",10,10
"195",0.2205,0.0301812115920062,0.140062816595243,0.168829216014453,0.166666666666667,0.985141386354961,-0.0526315789473684,0,"2022-05-26","15m",10,10
"196",0.403833333333333,0.24015355586136,0.183980416051438,0.225959584498425,0.25,0.93286694602593,0.136,3,"2022-05-26","15m",10,10
"197",0.358666666666667,0.196794082001886,0.143537948071149,0.181325276219719,0.333333333333333,0.606925321907793,0.142857142857143,0,"2022-05-26","50m",10,10
"198",0.2365,0.0375221681631418,0.167886027691561,0.215209503417931,0.333333333333333,0.606925321907793,0.0943396226415094,3,"2022-05-26","50m",10,10
"199",0.225666666666667,0.0391586705425245,0.164624185144394,0.182213244442452,0,1,-0.107692307692308,0,"2022-05-26","30m",10,10
"200",0.313404761904762,0.135316850780009,0.200015933937756,0.233284173159574,0.25,0.818877354212415,-0.0188679245283019,3,"2022-05-26","30m",10,10
"201",0.241285714285714,0.0470763457371403,0.144438981549964,0.172984780067872,0.25,0.818877354212415,0.0608695652173913,0,"2022-05-26","15-30-50m",10,10
"202",0.351833333333333,0.163984360352173,0.169800420907948,0.197223336631976,0,1,-0.0434782608695652,5,"2022-05-26","15-30-50m",10,10
"203",0.553142857142857,0.434961608251082,0.128386859130798,0.151822390629871,0.5,0.177722456490937,0.368421052631579,0,"2022-03-22","50m",10,10
"204",0.597428571428571,0.493729780966623,0.0726035159507677,0.0818568169850922,0.583333333333333,0.0664476395310109,0.473684210526316,2,"2022-03-22","50m",10,10
"205",0.650333333333333,0.556979853479853,0.169735715874846,0.2134054034547,0.75,0.000391662120819092,0.689655172413793,0,"2022-04-19","50m",10,10
"206",0.347333333333333,0.18112285687694,0.149723276359176,0.186744792844646,0.583333333333333,0.014252781867981,0.454545454545455,3,"2022-04-19","50m",10,10
"207",0.782666666666667,0.723011204481793,0.117587038231452,0.150319818074164,0.583333333333333,0.0664476395310109,0.482758620689655,0,"2022-04-05","50m",10,10
"208",0.778666666666667,0.718714896214896,0.112966329916153,0.142457624817365,0.583333333333333,0.0664476395310109,0.5,3,"2022-04-05","50m",10,10
"209",0.3295,0.160395914154495,0.115806230630091,0.141348622857148,0.5,0.0544022321701049,0.345454545454545,0,"2022-05-03","50m",10,10
"210",0.370166666666667,0.224398909519599,0.205511802605352,0.240708203972705,0.166666666666667,0.841618239879608,0,3,"2022-05-03","50m",10,10
"211",0.6475,0.554570568773836,0.205485587327497,0.252380963684258,0.666666666666667,0.072628881875895,0.547169811320755,0,"2022-02-14","15m",10,10
"212",0.4425,0.291050087905018,0.173437792274352,0.208962690243515,0.333333333333333,0.808403992861572,0.219512195121951,3,"2022-02-14","15m",10,10
"213",0.459,0.323245421245421,0.174856362408542,0.211933063572057,0.416666666666667,0.368479285565096,0.3,0,"2022-02-14","30m",10,10
"214",0.259,0.0693131868131868,0.17398769258691,0.215489447497698,0.416666666666667,0.368479285565096,0.3,3,"2022-02-14","30m",10,10
"215",0.71,0.634038461538462,0.111464085804543,0.138645399500578,0.333333333333333,0.606925321907793,0.142857142857143,0,"2022-02-14","15-30m",10,10
"216",0.531,0.415606227106227,0.205576302529295,0.248059893351713,0.5,0.177722456490937,0.357142857142857,4,"2022-02-14","15-30m",10,10
"217",0.391333333333333,0.237411123963756,0.197678445149611,0.248485919973714,0.416666666666667,0.368479285565096,0.243243243243243,0,"2022-01-19","30m",10,10
"218",0.396666666666667,0.245032053387226,0.167857697200753,0.206460073291853,0.333333333333333,0.606925321907793,0.2,4,"2022-01-19","30m",10,10
"219",0.4525,0.30973822376454,0.157284315111274,0.197027751743101,0.416666666666667,0.608374246704568,0.184466019417476,0,"2022-01-19","15m",10,10
"220",0.29752380952381,0.130576409846614,0.172803899962183,0.200835775224866,0.25,0.93286694602593,0.0608695652173913,4,"2022-01-19","15m",10,10
"221",0.428666666666667,0.281290703549324,0.168825745771982,0.210828386820278,0.0833333333333333,0.998447607529623,-0.0819672131147541,0,"2022-01-19","15-30m",10,10
"222",0.3695,0.226122498040375,0.154706466927181,0.187253865793695,0.333333333333333,0.808403992861572,0.0679611650485436,6,"2022-01-19","15-30m",10,10
"223",0.587666666666667,0.479734432234432,0.170833764473464,0.214999490149665,0.333333333333333,0.351221382617951,0.179487179487179,0,"2022-02-03","15m",10,10
"224",0.604166666666667,0.505095238095238,0.194370476551564,0.239693292230759,0.416666666666667,0.157643675804138,0.275862068965517,3,"2022-02-03","15m",10,10
"225",0.490714285714286,0.350758098857917,0.158373878652473,0.199114089221316,0.5,0.177722456490937,0.320754716981132,0,"2022-02-03","30m",10,10
"226",0.296142857142857,0.115011133335936,0.140435943721403,0.17352871626007,0.25,0.818877354212415,0,4,"2022-02-03","30m",10,10
"227",0.628166666666667,0.530314477496692,0.206049025471774,0.257548713397292,0.5,0.177722456490937,0.327102803738318,0,"2022-02-03","15-30m",10,10
"228",0.431,0.282836040405273,0.15346758871382,0.18997197251717,0.5,0.177722456490937,0.373913043478261,6,"2022-02-03","15-30m",10,10
"229",0.638333333333333,0.535500825971414,0.144492998832331,0.178854849300024,0.25,0.93286694602593,0.169230769230769,0,"2022-03-09","15m",10,10
"230",0.711,0.629767650650004,0.105946114249552,0.131066923145992,0.416666666666667,0.608374246704568,0.305785123966942,2,"2022-03-09","15m",10,10
"231",0.573619047619048,0.453155516537869,0.131484414874228,0.16400317678439,0.583333333333333,0.0664476395310109,0.482758620689655,0,"2022-03-09","30m",10,10
"232",0.630690476190476,0.526087498613387,0.0930809669103795,0.11222050399653,0.583333333333333,0.0664476395310109,0.491525423728814,2,"2022-03-09","30m",10,10
"233",0.627952380952381,0.522632985663171,0.101043378356844,0.120813484771101,0.583333333333333,0.0664476395310109,0.491525423728814,0,"2022-03-09","15-30m",10,10
"234",0.624285714285714,0.519685229781579,0.0978402332344824,0.116582591915609,0.583333333333333,0.0664476395310109,0.491525423728814,3,"2022-03-09","15-30m",10,10
"235",0.259833333333333,0.0542319957040426,0.13620837588436,0.172367837729323,0.0833333333333333,0.992292653370741,-0.11864406779661,0,"2022-06-02","50m",10,10
"236",0.143333333333333,-0.0675444583319396,0.152163595581948,0.180118226846142,0.166666666666667,0.946048573595187,-0.0909090909090909,2,"2022-06-02","50m",10,10
"237",0.167833333333333,-0.0452582417582418,0.14973330200191,0.185640340056744,0.25,0.818877354212415,0.1,0,"2022-05-26","15m",10,10
"238",0.266333333333333,0.0769510574383138,0.148561754288449,0.187916959133824,0.0833333333333333,0.992292653370741,-0.0645161290322581,3,"2022-05-26","15m",10,10
"239",0.4025,0.243841784989858,0.202639360534202,0.251637227638922,0.416666666666667,0.608374246704568,0.317073170731707,0,"2022-05-26","50m",10,10
"240",0.211595238095238,0.00650653406715554,0.165283428859389,0.201840726186593,0.333333333333333,0.808403992861572,0.179487179487179,3,"2022-05-26","50m",10,10
"241",0.1635,-0.050230117734655,0.143971545230782,0.177165612125479,0.25,0.609324991703033,0.114754098360656,0,"2022-05-26","30m",10,10
"242",0.207333333333333,-0.00214793393740763,0.149753257591852,0.183966763204188,0.25,0.609324991703033,0.129032258064516,3,"2022-05-26","30m",10,10
"243",0.261166666666667,0.0722375762471044,0.181526990445998,0.229773141650686,0.166666666666667,0.841618239879608,-0.00840336134453782,0,"2022-05-26","15-30-50m",10,10
"244",0.229166666666667,0.036927881055163,0.168414655157529,0.206431183475534,0.25,0.609324991703033,0.114754098360656,5,"2022-05-26","15-30-50m",10,10
"245",0.575428571428571,0.453922117466582,0.0942431677243875,0.118272836249149,0.583333333333333,0.0664476395310109,0.428571428571429,0,"2022-03-22","50m",10,10
"246",0.5585,0.438272643018346,0.12396586818907,0.143938290780239,0.583333333333333,0.0664476395310109,0.428571428571429,2,"2022-03-22","50m",10,10
"247",0.688833333333333,0.604376131531304,0.16543407854319,0.208981119146245,0.75,0.000391662120819092,0.68695652173913,0,"2022-04-19","50m",10,10
"248",0.35,0.184735947960086,0.146489026184107,0.179471185565139,0.416666666666667,0.157643675804138,0.263157894736842,3,"2022-04-19","50m",10,10
"249",0.567809523809524,0.43438167104421,0.17092025540869,0.214664232887809,0.25,0.93286694602593,0.2,0,"2022-04-05","50m",10,10
"250",0.599214285714286,0.473353921501995,0.135418424289161,0.169166080900501,0.25,0.93286694602593,0.2,4,"2022-04-05","50m",10,10
"251",0.3705,0.211590279790077,0.146486248842298,0.179693889057111,0.5,0.177722456490937,0.333333333333333,0,"2022-05-03","50m",10,10
"252",0.323333333333333,0.150132595595572,0.178518029533957,0.220253856757892,0.583333333333333,0.0664476395310109,0.464285714285714,3,"2022-05-03","50m",10,10
"253",0.468333333333333,0.323114151426311,0.177911881238918,0.224671421367369,0.416666666666667,0.368479285565096,0.32258064516129,0,"2022-02-14","15m",10,10
"254",0.6245,0.51742856028353,0.175369659280572,0.234144613650068,0.416666666666667,0.368479285565096,0.288135593220339,3,"2022-02-14","15m",10,10
"255",0.448333333333333,0.303510673234811,0.17254775360093,0.212105863775572,0.416666666666667,0.608374246704568,0.338582677165354,0,"2022-02-14","30m",10,10
"256",0.395666666666667,0.239823054340296,0.150319898314911,0.183902787324996,0.333333333333333,0.808403992861572,0.165217391304348,3,"2022-02-14","30m",10,10
"257",0.531833333333333,0.418449532775091,0.208289153564714,0.252016015165399,0.666666666666667,0.072628881875895,0.559633027522936,0,"2022-02-14","15-30m",10,10
"258",0.542,0.421262234941908,0.19219448623392,0.239971025165944,0.166666666666667,0.985141386354961,0.00826446280991736,4,"2022-02-14","15-30m",10,10
"259",0.413666666666667,0.257897619171453,0.198710489370487,0.24975981523579,0.416666666666667,0.368479285565096,0.282051282051282,0,"2022-01-19","30m",10,10
"260",0.319333333333333,0.144734541208172,0.169665280831527,0.210698573960351,0.333333333333333,0.606925321907793,0.2,4,"2022-01-19","30m",10,10
"261",0.397761904761905,0.246728894618187,0.189617116359667,0.229755139715836,0.5,0.379768822525134,0.294117647058824,0,"2022-01-19","15m",10,10
"262",0.324047619047619,0.153965535821987,0.179747928128422,0.220729643068265,0.5,0.379768822525134,0.345454545454545,4,"2022-01-19","15m",10,10
"263",0.386214285714286,0.224360404474799,0.188162442862316,0.229928511545562,0.5,0.379768822525134,0.320754716981132,0,"2022-01-19","15-30m",10,10
"264",0.324119047619048,0.142829160051483,0.147777093861709,0.178190243867822,0.416666666666667,0.608374246704568,0.317073170731707,6,"2022-01-19","15-30m",10,10
"265",0.497,0.36917691274006,0.153071434949604,0.181452669638342,0.5,0.177722456490937,0.357142857142857,0,"2022-02-03","15m",10,10
"266",0.5645,0.443822163655355,0.116982616913508,0.141729577716674,0.333333333333333,0.606925321907793,0.172413793103448,3,"2022-02-03","15m",10,10
"267",0.552666666666667,0.430596825774844,0.144244617022067,0.17310221421717,0.333333333333333,0.351221382617951,0.179487179487179,0,"2022-02-03","30m",10,10
"268",0.3115,0.127726292159142,0.198743174995226,0.242826581885798,0.25,0.609324991703033,0.0769230769230769,4,"2022-02-03","30m",10,10
"269",0.536833333333333,0.409699720578817,0.193559240475656,0.236772797826538,0.333333333333333,0.351221382617951,0.219512195121951,0,"2022-02-03","15-30m",10,10
"270",0.487833333333333,0.353655911375672,0.172439663971018,0.213841870821811,0.25,0.609324991703033,0.0769230769230769,6,"2022-02-03","15-30m",10,10
"271",0.575666666666667,0.459125278316455,0.0895624731017587,0.103267575613874,0.333333333333333,0.606925321907793,0.186440677966102,0,"2022-03-09","15m",10,10
"272",0.598666666666667,0.483171622495152,0.15252605525242,0.196311143588443,0.583333333333333,0.0664476395310109,0.45945945945946,2,"2022-03-09","15m",10,10
"273",0.603333333333333,0.493175217455403,0.106574033851394,0.133379874629153,0.333333333333333,0.606925321907793,0.225806451612903,0,"2022-03-09","30m",10,10
"274",0.637,0.539960317460317,0.111453512828827,0.134385823573049,0.416666666666667,0.368479285565096,0.305785123966942,2,"2022-03-09","30m",10,10
"275",0.646666666666667,0.550677013045434,0.0895179759236547,0.105644904882246,0.333333333333333,0.606925321907793,0.213114754098361,0,"2022-03-09","15-30m",10,10
"276",0.6365,0.53839627805145,0.0971448465546228,0.115199392364186,0.416666666666667,0.368479285565096,0.311475409836066,3,"2022-03-09","15-30m",10,10
"277",0.262333333333333,0.0820730208488829,0.109190984774406,0.13585102998788,0.166666666666667,0.946048573595187,-0.0344827586206897,0,"2022-06-02","50m",10,10
"278",0.2415,0.0463785103785104,0.177010576259567,0.222617625467121,0.25,0.818877354212415,0.0357142857142857,2,"2022-06-02","50m",10,10
"279",0.138833333333333,-0.0667631918569345,0.139424321458422,0.164944182767228,0.416666666666667,0.157643675804138,0.25,0,"2022-05-26","15m",10,10
"280",0.293666666666667,0.109684543313347,0.172552306681091,0.212767662962926,0.166666666666667,0.841618239879608,-0.0434782608695652,3,"2022-05-26","15m",10,10
"281",0.324642857142857,0.152814348859449,0.174243817196324,0.213639799859988,0.416666666666667,0.368479285565096,0.288135593220339,0,"2022-05-26","50m",10,10
"282",0.287857142857143,0.0985955897832165,0.157951009797787,0.190421029730894,0.0833333333333333,0.992292653370741,-0.245283018867925,3,"2022-05-26","50m",10,10
"283",0.187619047619048,-0.0387406163910701,0.163341389542126,0.196730194130529,0,1,-0.0666666666666667,0,"2022-05-26","30m",10,10
"284",0.145547619047619,-0.100252839968117,0.136469194391587,0.182844676858021,0.0833333333333333,0.999755859375,0.0149253731343283,3,"2022-05-26","30m",10,10
"285",0.15947619047619,-0.0757639299252276,0.150573234518129,0.187799245745418,0.166666666666667,0.996826171875,0.04,0,"2022-05-26","15-30-50m",10,10
"286",0.166261904761905,-0.0764320989853177,0.145537644791456,0.192031026876553,0.0833333333333333,0.999755859375,-0.03125,5,"2022-05-26","15-30-50m",10,10
"287",0.571,0.449070678203805,0.0893805845186128,0.112586822790518,0.666666666666667,0.00278151035308838,0.567567567567568,0,"2022-03-22","50m",10,10
"288",0.5775,0.455500323206206,0.0813872082427228,0.105734350953813,0.75,0.000391662120819092,0.675675675675676,2,"2022-03-22","50m",10,10
"289",0.629833333333333,0.534075507070062,0.183161765451287,0.2309286265144,0.75,0.000391662120819092,0.678571428571429,0,"2022-04-19","50m",10,10
"290",0.415333333333333,0.269537553317913,0.173167493832746,0.211823082974399,0.583333333333333,0.014252781867981,0.45945945945946,3,"2022-04-19","50m",10,10
"291",0.587952380952381,0.466359225741579,0.104926201571268,0.126289514875989,0.5,0.177722456490937,0.384615384615385,0,"2022-04-05","50m",10,10
"292",0.622166666666667,0.509718451483157,0.0798446513560448,0.101684444521119,0.5,0.177722456490937,0.384615384615385,4,"2022-04-05","50m",10,10
"293",0.311333333333333,0.144519385661814,0.148276291381524,0.183252660955854,0.333333333333333,0.606925321907793,0.2,0,"2022-05-03","50m",10,10
"294",0.303666666666667,0.126111694818591,0.15801767222767,0.199550864382646,0.583333333333333,0.0664476395310109,0.45945945945946,3,"2022-05-03","50m",10,10
"295",0.591166666666667,0.480813860469033,0.168432647304167,0.212736767547777,0.583333333333333,0.014252781867981,0.469026548672566,0,"2022-02-14","15m",10,10
"296",0.416666666666667,0.260166666666667,0.179646116776086,0.225203303790441,0.583333333333333,0.014252781867981,0.454545454545455,3,"2022-02-14","15m",10,10
"297",0.416785714285714,0.266255461706541,0.159742577552659,0.189314934957333,0.333333333333333,0.606925321907793,0.225806451612903,0,"2022-02-14","30m",10,10
"298",0.295357142857143,0.102769539620492,0.170362840567174,0.210189566774886,0.25,0.818877354212415,0.169230769230769,3,"2022-02-14","30m",10,10
"299",0.684166666666667,0.599635840991542,0.174775388965676,0.218998541034694,0.5,0.177722456490937,0.389830508474576,0,"2022-02-14","15-30m",10,10
"300",0.539952380952381,0.422681031511598,0.210176946717502,0.257835117823046,0.416666666666667,0.368479285565096,0.275862068965517,4,"2022-02-14","15-30m",10,10
"301",0.40797619047619,0.253287675811269,0.170903133276817,0.211809312214847,0.166666666666667,0.946048573595187,-0.111111111111111,0,"2022-01-19","30m",10,10
"302",0.33252380952381,0.158266381063274,0.11934077421334,0.139424542872129,0.0833333333333333,0.992292653370741,-0.0731707317073171,4,"2022-01-19","30m",10,10
"303",0.3635,0.199551282051282,0.155026064931291,0.19313182427217,0.5,0.0544022321701049,0.36283185840708,0,"2022-01-19","15m",10,10
"304",0.3835,0.226510989010989,0.148911030315067,0.192998676457461,0.5,0.0544022321701049,0.389830508474576,4,"2022-01-19","15m",10,10
"305",0.325,0.158877289377289,0.162291046698158,0.198895915855779,0.666666666666667,0.00278151035308838,0.578947368421053,0,"2022-01-19","15-30m",10,10
"306",0.3245,0.152688644688645,0.190625631312086,0.243877211529082,0.166666666666667,0.841618239879608,-0.00840336134453782,6,"2022-01-19","15-30m",10,10
"307",0.563,0.457071761571762,0.143246391296705,0.173346125121028,0.5,0.379768822525134,0.36283185840708,0,"2022-02-03","15m",10,10
"308",0.534666666666667,0.419604395604396,0.190937788447544,0.236802185871493,0.5,0.379768822525134,0.36283185840708,3,"2022-02-03","15m",10,10
"309",0.5405,0.416758796758797,0.164331366390589,0.204026653275433,0.333333333333333,0.606925321907793,0.225806451612903,0,"2022-02-03","30m",10,10
"310",0.370166666666667,0.203443539219401,0.184276651802531,0.233483553649387,0.166666666666667,0.946048573595187,-0.00840336134453782,4,"2022-02-03","30m",10,10
"311",0.565,0.451438985850751,0.165932727433951,0.204429883034455,0.5,0.177722456490937,0.357142857142857,0,"2022-02-03","15-30m",10,10
"312",0.4165,0.268592321874536,0.158033918563029,0.193766491301983,0.416666666666667,0.368479285565096,0.236363636363636,6,"2022-02-03","15-30m",10,10
"313",0.511333333333333,0.386492673992674,0.115248231579295,0.14568825420484,0.666666666666667,0.00278151035308838,0.593220338983051,0,"2022-03-09","15m",10,10
"314",0.483,0.357944139194139,0.147233752169052,0.172187288848307,0.583333333333333,0.014252781867981,0.495798319327731,2,"2022-03-09","15m",10,10
"315",0.526,0.395622531063707,0.154148033271969,0.190394107160333,0.583333333333333,0.014252781867981,0.473684210526316,0,"2022-03-09","30m",10,10
"316",0.5835,0.473568376068376,0.0820779173211925,0.0987048086257421,0.583333333333333,0.014252781867981,0.469026548672566,2,"2022-03-09","30m",10,10
"317",0.575666666666667,0.459536132941706,0.109493784704379,0.13781585825905,0.5,0.0544022321701049,0.36283185840708,0,"2022-03-09","15-30m",10,10
"318",0.563166666666667,0.45194074930917,0.106529135874292,0.127815325338889,0.333333333333333,0.351221382617951,0.172413793103448,3,"2022-03-09","15-30m",10,10
"319",0.206333333333333,-0.00475110366544124,0.169252333552655,0.208971387761147,0.0833333333333333,0.992292653370741,-0.0731707317073171,0,"2022-06-02","50m",10,10
"320",0.22552380952381,0.00991641910868984,0.149483976152668,0.183467014030315,0.166666666666667,0.946048573595187,-0.0169491525423729,2,"2022-06-02","50m",10,10
"321",0.207666666666667,0.00978826728826728,0.13420213576373,0.168043526174912,0.333333333333333,0.606925321907793,0.142857142857143,0,"2022-05-26","15m",10,10
"322",0.291,0.1135666938707,0.163581204071486,0.197804211163,0.333333333333333,0.606925321907793,0.142857142857143,3,"2022-05-26","15m",10,10
"323",0.283309523809524,0.0970044891682823,0.183224918438642,0.226102275994804,0.5,0.379768822525134,0.320754716981132,0,"2022-05-26","50m",10,10
"324",0.147119047619048,-0.0701309525320415,0.144990995770536,0.179194683270159,0.416666666666667,0.608374246704568,0.3,3,"2022-05-26","50m",10,10
"325",0.2155,0.0119333197080608,0.1904607061407,0.238224167285168,0.25,0.818877354212415,0.1,0,"2022-05-26","30m",10,10
"326",0.229095238095238,0.0364654984654985,0.182289677596122,0.220966981985821,0.166666666666667,0.946048573595187,-0.0714285714285714,3,"2022-05-26","30m",10,10
"327",0.285666666666667,0.0986457350272232,0.178408288473894,0.22260846559723,0.333333333333333,0.606925321907793,0.238095238095238,0,"2022-05-26","15-30-50m",10,10
"328",0.18252380952381,-0.0279698360658015,0.170251833470223,0.212922930287797,0.0833333333333333,0.992292653370741,-0.233644859813084,5,"2022-05-26","15-30-50m",10,10
"329",0.629404761904762,0.52700004547373,0.0802250486450837,0.0886747500201782,0.333333333333333,0.606925321907793,0.19327731092437,0,"2022-03-22","50m",10,10
"330",0.6265,0.524054016159279,0.0822350181143342,0.0925235014651949,0.333333333333333,0.606925321907793,0.19327731092437,2,"2022-03-22","50m",10,10
"331",0.6325,0.538485637169848,0.154294582477215,0.189798782926438,0.666666666666667,0.00278151035308838,0.567567567567568,0,"2022-04-19","50m",10,10
"332",0.410833333333333,0.258698348435191,0.151986010786347,0.186188400460584,0.416666666666667,0.157643675804138,0.282051282051282,3,"2022-04-19","50m",10,10
"333",0.707666666666667,0.624628815628816,0.112626534401991,0.143435255904791,0.833333333333333,0.000543804486292928,0.769230769230769,0,"2022-04-05","50m",10,10
"334",0.699833333333333,0.618105584474006,0.147395933346982,0.181222467248041,0.666666666666667,0.0187584322624713,0.555555555555555,4,"2022-04-05","50m",10,10
"335",0.3715,0.203948448707977,0.143123231025782,0.1769981709931,0.416666666666667,0.608374246704568,0.32258064516129,0,"2022-05-03","50m",10,10
"336",0.403833333333333,0.238669719169719,0.140182961255149,0.170940054895462,0.416666666666667,0.608374246704568,0.317073170731707,3,"2022-05-03","50m",10,10
"337",0.679,0.591086511527688,0.204722856104168,0.261267243079319,0.416666666666667,0.368479285565096,0.305785123966942,0,"2022-02-14","15m",10,10
"338",0.536,0.413541514041514,0.214325868719211,0.268089421395994,0.5,0.177722456490937,0.409836065573771,3,"2022-02-14","15m",10,10
"339",0.471,0.327476537829986,0.166424403049599,0.211194582618886,0.75,0.00385555499105263,0.678571428571429,0,"2022-02-14","30m",10,10
"340",0.318833333333333,0.144720926920724,0.191348440258147,0.234766783069712,0.333333333333333,0.606925321907793,0.165217391304348,3,"2022-02-14","30m",10,10
"341",0.526333333333333,0.399418880912689,0.117617100232558,0.145901830825049,0.583333333333333,0.0664476395310109,0.45945945945946,0,"2022-02-14","15-30m",10,10
"342",0.354666666666667,0.191028305028305,0.210539897075071,0.257208698851289,0.583333333333333,0.0664476395310109,0.454545454545455,4,"2022-02-14","15-30m",10,10
"343",0.323119047619048,0.129183130320861,0.197643905956959,0.251220490822803,0.333333333333333,0.808403992861572,0.186440677966102,0,"2022-01-19","30m",10,10
"344",0.431857142857143,0.267151584326053,0.213624060001278,0.269560517953641,0.0833333333333333,0.998447607529623,-0.157894736842105,4,"2022-01-19","30m",10,10
"345",0.453833333333333,0.317628205128205,0.201437803185471,0.250136980352458,0.583333333333333,0.014252781867981,0.464285714285714,0,"2022-01-19","15m",10,10
"346",0.3475,0.176346153846154,0.208333333333333,0.269078864350164,0.5,0.0544022321701049,0.357142857142857,3,"2022-01-19","15m",10,10
"347",0.4005,0.243067765567766,0.198937342441616,0.257984573566792,0.5,0.0544022321701049,0.357142857142857,0,"2022-01-19","15-30m",10,10
"348",0.428333333333333,0.281025641025641,0.201056413120832,0.253628531845808,0.416666666666667,0.157643675804138,0.256637168141593,5,"2022-01-19","15-30m",10,10
"349",0.577166666666667,0.460788156288156,0.178858065604753,0.227327243402208,0.5,0.177722456490937,0.40495867768595,0,"2022-02-03","15m",10,10
"350",0.429666666666667,0.273650343908965,0.148780678300948,0.186324652878025,0.416666666666667,0.368479285565096,0.269565217391304,3,"2022-02-03","15m",10,10
"351",0.376166666666667,0.220311460570081,0.155722403305156,0.189277581290095,0.5,0.0544022321701049,0.357142857142857,0,"2022-02-03","30m",10,10
"352",0.314666666666667,0.145058797524315,0.188640359375149,0.238855399924138,0.5,0.0544022321701049,0.339449541284404,4,"2022-02-03","30m",10,10
"353",0.523666666666667,0.396528986339331,0.168544638520369,0.211146629949261,0.75,0.000391662120819092,0.678571428571429,0,"2022-02-03","15-30m",10,10
"354",0.433666666666667,0.275942548679391,0.177714319482269,0.232989950716578,0.5,0.0544022321701049,0.4,6,"2022-02-03","15-30m",10,10
"355",0.624666666666667,0.517123819000354,0.141073326683975,0.171046376794726,0.416666666666667,0.608374246704568,0.32258064516129,0,"2022-03-09","15m",10,10
"356",0.627642857142857,0.522948057912828,0.116738007165824,0.14127800147386,0.333333333333333,0.808403992861572,0.238095238095238,2,"2022-03-09","15m",10,10
"357",0.5545,0.438333333333333,0.128922300615369,0.156517587928925,0.5,0.177722456490937,0.4,0,"2022-03-09","30m",10,10
"358",0.575,0.463333333333333,0.115360655372968,0.142783771442014,0.5,0.177722456490937,0.4,2,"2022-03-09","30m",10,10
"359",0.5695,0.456666666666667,0.112567600340705,0.137355168085426,0.416666666666667,0.368479285565096,0.3,0,"2022-03-09","15-30m",10,10
"360",0.5855,0.4775,0.112657297440808,0.13549127056586,0.5,0.177722456490937,0.4,3,"2022-03-09","15-30m",10,10
"361",0.22,0.0210574551007987,0.12637570693829,0.159116050248342,0.166666666666667,0.946048573595187,0.024390243902439,0,"2022-06-02","50m",10,10
"362",0.242833333333333,0.0423411708980674,0.157264333868397,0.188604730948617,0.0833333333333333,0.992292653370741,-0.0819672131147541,2,"2022-06-02","50m",10,10
"363",0.2635,0.0902783882783883,0.17721968903544,0.215862870990444,0.25,0.818877354212415,0.0689655172413793,0,"2022-05-26","15m",10,10
"364",0.3115,0.139139194139194,0.190938008872836,0.237602443336476,0.166666666666667,0.946048573595187,-0.0344827586206896,3,"2022-05-26","15m",10,10
"365",0.3105,0.131007326007326,0.172517749050275,0.210992258905628,0.583333333333333,0.0664476395310109,0.482758620689655,0,"2022-05-26","50m",10,10
"366",0.226,0.0353040293040293,0.173857017765354,0.216624551370797,0.25,0.818877354212415,0.0526315789473684,3,"2022-05-26","50m",10,10
"367",0.152928571428571,-0.0971680412217938,0.145210634216987,0.190358947293895,0,1,-0.0434782608695652,0,"2022-05-26","30m",10,10
"368",0.2175,-0.0154637322749846,0.145670303293101,0.190432421666922,0.0833333333333333,0.999998118323577,0.0149253731343283,3,"2022-05-26","30m",10,10
"369",0.304904761904762,0.093657142035665,0.17520518674835,0.224522807700177,0.0833333333333333,0.999998118323577,-0.0232558139534884,0,"2022-05-26","15-30-50m",10,10
"370",0.259642857142857,0.0383209451959852,0.142438610492366,0.183817472221374,0.0833333333333333,0.999998118323577,0.0364963503649635,5,"2022-05-26","15-30-50m",10,10
"371",0.559666666666667,0.443382915330284,0.10649976420412,0.121035033495376,0.666666666666667,0.0187584322624713,0.529411764705882,0,"2022-03-22","50m",10,10
"372",0.573809523809524,0.461705035120643,0.111616045019345,0.127190888177884,0.583333333333333,0.0664476395310109,0.423076923076923,2,"2022-03-22","50m",10,10
"373",0.643333333333333,0.549257020757021,0.152145154862546,0.18766339201225,0.583333333333333,0.0664476395310109,0.487179487179487,0,"2022-04-19","50m",10,10
"374",0.435333333333333,0.291526251526252,0.132134339693171,0.158900593047373,0.25,0.818877354212415,0.0689655172413793,3,"2022-04-19","50m",10,10
"375",0.770142857142857,0.709669847696163,0.0971621541915929,0.125165202843609,0.666666666666667,0.0187584322624713,0.555555555555555,0,"2022-04-05","50m",10,10
"376",0.785476190476191,0.730151179230127,0.0743012989165265,0.0930587877003372,0.666666666666667,0.0187584322624713,0.555555555555555,4,"2022-04-05","50m",10,10
"377",0.309785714285714,0.129637191124033,0.176351893285744,0.222320463305917,0.333333333333333,0.606925321907793,0.2,0,"2022-05-03","50m",10,10
"378",0.466547619047619,0.329972240029851,0.215325459705062,0.268231915848968,0.333333333333333,0.606925321907793,0.157894736842105,3,"2022-05-03","50m",10,10
"379",0.535333333333333,0.410229548229548,0.169144543344472,0.208545196324403,0.333333333333333,0.606925321907793,0.225806451612903,0,"2022-02-14","15m",10,10
"380",0.351333333333333,0.188501221001221,0.145791696797928,0.183028711290225,0.416666666666667,0.368479285565096,0.275862068965517,3,"2022-02-14","15m",10,10
"381",0.487166666666667,0.341498685797554,0.185029724308462,0.242577278393546,0.5,0.177722456490937,0.314285714285714,0,"2022-02-14","30m",10,10
"382",0.347666666666667,0.178971295329227,0.167322279538854,0.202726836651518,0.333333333333333,0.606925321907793,0.172413793103448,3,"2022-02-14","30m",10,10
"383",0.572166666666667,0.450887166425973,0.19577545888857,0.249440436251691,0.666666666666667,0.0187584322624713,0.578947368421053,0,"2022-02-14","15-30m",10,10
"384",0.396,0.240532196813681,0.184715026061699,0.229703563114747,0.5,0.177722456490937,0.36283185840708,4,"2022-02-14","15-30m",10,10
"385",0.322666666666667,0.140556271314892,0.183822732156454,0.232998812545497,0.5,0.379768822525134,0.300970873786408,0,"2022-01-19","30m",10,10
"386",0.194166666666667,-0.0200213316095669,0.153346050563243,0.193178152426622,0.666666666666667,0.072628881875895,0.524752475247525,4,"2022-01-19","30m",10,10
"387",0.481833333333333,0.344597358197358,0.197118624092411,0.242947087775996,0.5,0.177722456490937,0.4,0,"2022-01-19","15m",10,10
"388",0.39,0.223651544800525,0.196675511985072,0.245707550584053,0.333333333333333,0.606925321907793,0.232,4,"2022-01-19","15m",10,10
"389",0.461333333333333,0.316914716655893,0.205041399011619,0.255932694370418,0.416666666666667,0.368479285565096,0.311475409836066,0,"2022-01-19","15-30m",10,10
"390",0.375333333333333,0.22480636030636,0.154114537551212,0.185508426104069,0.416666666666667,0.368479285565096,0.25,6,"2022-01-19","15-30m",10,10
"391",0.548833333333333,0.439577627756394,0.177291870674905,0.196863667871892,0.583333333333333,0.0664476395310109,0.454545454545455,0,"2022-02-03","15m",10,10
"392",0.4475,0.295986137967936,0.152225816517324,0.18584862888069,0.583333333333333,0.0664476395310109,0.444444444444444,3,"2022-02-03","15m",10,10
"393",0.421833333333333,0.275833333333333,0.124894905315379,0.159919768358917,0.5,0.0544022321701049,0.373913043478261,0,"2022-02-03","30m",10,10
"394",0.302,0.13067673992674,0.176896172633146,0.218760862620238,0.25,0.609324991703033,0.0526315789473684,4,"2022-02-03","30m",10,10
"395",0.4595,0.318772893772894,0.192103586324639,0.244826055288693,0.583333333333333,0.014252781867981,0.464285714285714,0,"2022-02-03","15-30m",10,10
"396",0.4545,0.310943223443223,0.169832805482868,0.224347378512003,0.166666666666667,0.841618239879608,-0.0256410256410257,6,"2022-02-03","15-30m",10,10
"397",0.515666666666667,0.39212148962149,0.141080088851185,0.170419423133724,0.583333333333333,0.014252781867981,0.487179487179487,0,"2022-03-09","15m",10,10
"398",0.534333333333333,0.417748973248973,0.117202233922241,0.13991020122633,0.666666666666667,0.00278151035308838,0.563636363636364,2,"2022-03-09","15m",10,10
"399",0.610666666666667,0.498936942658305,0.149344245633046,0.181796648244896,0.333333333333333,0.606925321907793,0.225806451612903,0,"2022-03-09","30m",10,10
"400",0.539333333333333,0.406438842203548,0.124079551615359,0.145639905668374,0.75,0.00385555499105263,0.660377358490566,2,"2022-03-09","30m",10,10
"401",0.662,0.566275766716943,0.145201589810517,0.179661686618718,0.416666666666667,0.368479285565096,0.3,0,"2022-03-09","15-30m",10,10
"402",0.5695,0.441582704876822,0.119905850645745,0.148336851088713,0.666666666666667,0.0187584322624713,0.563636363636364,3,"2022-03-09","15-30m",10,10
"403",0.203595238095238,-0.00682723852070495,0.163523405491311,0.203738271784434,0.25,0.818877354212415,0.142857142857143,0,"2022-06-02","50m",10,10
"404",0.228666666666667,0.0096487113007984,0.130075519806665,0.156226837620347,0.0833333333333333,0.992292653370741,-1.51394048812521e-17,2,"2022-06-02","50m",10,10
"405",0.151166666666667,-0.0615191217004324,0.132345986554662,0.157256966415744,0.333333333333333,0.606925321907793,0.111111111111111,0,"2022-05-26","15m",10,10
"406",0.3905,0.221833393441606,0.117738105573039,0.144521735291531,0.0833333333333333,0.992292653370741,-0.03125,3,"2022-05-26","15m",10,10
"407",0.351833333333333,0.182838827838828,0.138167723674235,0.173462972602594,0.333333333333333,0.351221382617951,0.165217391304348,0,"2022-05-26","50m",10,10
"408",0.219833333333333,0.0325384615384615,0.148424101158517,0.184338183179725,0.25,0.609324991703033,0.0847457627118644,3,"2022-05-26","50m",10,10
"409",0.186333333333333,-0.0183520272830618,0.139672134926663,0.180977339271955,0.0833333333333333,0.992292653370741,-0.109243697478992,0,"2022-05-26","30m",10,10
"410",0.2275,0.0261340575133678,0.151004400081572,0.182298725964833,0.0833333333333333,0.992292653370741,-0.1,3,"2022-05-26","30m",10,10
"411",0.2755,0.0908186813186813,0.147185625335068,0.182193024549603,0.166666666666667,0.946048573595187,-3.33066907387547e-17,0,"2022-05-26","15-30-50m",10,10
"412",0.349333333333333,0.170208957708958,0.175265071014863,0.216207278491656,0.0833333333333333,0.992292653370741,-0.0819672131147541,5,"2022-05-26","15-30-50m",10,10
"413",0.744928571428571,0.675095305760631,0.173513144488776,0.21850382028208,0.333333333333333,0.979440502275762,0.219512195121951,0,"2022-03-22","50m",10,10
"414",0.701547619047619,0.622169687038108,0.164750329412358,0.202034825179672,0.333333333333333,0.979440502275762,0.219512195121951,2,"2022-03-22","50m",10,10
"415",0.667333333333333,0.580421245421245,0.139803453504097,0.17612946845182,0.666666666666667,0.00278151035308838,0.567567567567568,0,"2022-04-19","50m",10,10
"416",0.494666666666667,0.360119452034153,0.146888415164505,0.179880251600724,0.25,0.609324991703033,0.0689655172413793,3,"2022-04-19","50m",10,10
"417",0.730666666666667,0.660265567765568,0.107640754301203,0.139075572648439,0.833333333333333,3.76105308532715e-05,0.785714285714286,0,"2022-04-05","50m",10,10
"418",0.722166666666667,0.649551282051282,0.096372331416368,0.124095807302882,0.833333333333333,3.76105308532715e-05,0.785714285714286,4,"2022-04-05","50m",10,10
"419",0.358166666666667,0.20694265283013,0.1477951497346,0.173788078045183,0.416666666666667,0.608374246704568,0.229357798165138,0,"2022-05-03","50m",10,10
"420",0.3395,0.164971983842166,0.161287868903533,0.197434461574251,0.416666666666667,0.608374246704568,0.222222222222222,3,"2022-05-03","50m",10,10
